ResultId;AthleteId;RaceId;RaceName;Gender;Birthyear;CountryIso;County;Municipality;Status;ActualStartTime;FinishNetto;Place;PlaceClass;PlaceTotal;_5Km;_10Km;_15Km;_20Km
566762;107164;267;Göteborgsvarvet 2010;M;1974;SWE;VÄSTMANLAND;VÄSTERÅS;FNS; 14:25:18;02:07:05;16522;0;20461;00:27:32;00:54:43;01:27:22;02:00:25
609585;141682;267;Göteborgsvarvet 2010;F;1975;SWE;VÄSTRA GÖTALAND;PARTILLE;FNS; 13:50:25;01:39:51;193;0;2617;00:22:20;00:45:32;01:09:59;01:34:59
609738;40800;267;Göteborgsvarvet 2010;M;1962;SWE;VÄSTRA GÖTALAND;GÖTEBORG;FNS; 13:50:51;01:56:15;10072;0;11636;00:25:02;00:50:09;01:17:09;01:49:01
585657;229163;267;Göteborgsvarvet 2010;M;1990;SWE;VÄSTRA GÖTALAND;ALE;FNS; 14:31:52;02:04:28;15067;0;18363;00:26:12;00:54:05;01:25:20;01:58:58
582209;253493;267;Göteborgsvarvet 2010;F;1977;SWE;VÄSTRA GÖTALAND;UDDEVALLA;FNS; 14:17:33;01:59:12;2109;0;14122;00:26:33;00:54:45;01:24:42;01:53:41
574516;207521;267;Göteborgsvarvet 2010;M;1969;SWE;JÖNKÖPING;VÄRNAMO;FNS; 14:44:29;02:00:36;12936;0;15349;00:26:48;00:55:27;01:24:25;01:54:23
576503;21956;267;Göteborgsvarvet 2010;M;1971;SWE;SKÅNE;HELSINGBORG;FNS; 15:55:30;01:56:51;10464;0;12110;00:26:58;00:53:35;01:20:35;01:50:36
572270;57447;267;Göteborgsvarvet 2010;M;1982;SWE;VÄSTRA GÖTALAND;BORÅS;FNS; 13:33:33;01:23:39;186;0;199;00:19:54;00:39:28;00:59:15;01:19:33
603592;72446;267;Göteborgsvarvet 2010;M;1947;SWE;VÄSTRA GÖTALAND;HJO;FNS; 14:52:55;02:36:39;25687;0;35292;00:32:25;01:07:27;01:45:32;02:28:29
576139;251297;267;Göteborgsvarvet 2010;M;1979;SWE;VÄSTRA GÖTALAND;BORÅS;FNS; 13:34:52;01:47:29;5210;0;5776;00:22:27;00:47:42;01:14:37;01:41:50
593997;232367;267;Göteborgsvarvet 2010;M;1979;SWE;NULL;NULL;FNS; 15:33:52;02:22:35;22928;0;30460;00:31:08;01:03:02;01:37:50;02:15:14
571613;249630;267;Göteborgsvarvet 2010;M;1985;SWE;VÄSTRA GÖTALAND;BORÅS;FNS; 16:00:50;01:41:06;2771;0;3005;00:22:44;00:45:46;01:10:11;01:36:08
592483;247748;267;Göteborgsvarvet 2010;M;1988;SWE;VÄSTRA GÖTALAND;GÖTEBORG;FNS; 14:12:46;01:58:58;11864;0;13923;00:24:16;00:49:51;01:18:06;01:52:23
602214;227676;267;Göteborgsvarvet 2010;M;1976;SWE;VÄSTRA GÖTALAND;HÄRRYDA;FNS; 15:20:31;02:16:39;21003;0;27274;00:29:54;00:59:47;01:31:44;02:09:31
609248;127318;267;Göteborgsvarvet 2010;M;1989;SWE;VÄSTRA GÖTALAND;GÖTEBORG;FNS; 14:38:07;02:03:10;14374;0;17367;00:29:24;00:57:41;01:28:11;01:56:59
603518;259810;267;Göteborgsvarvet 2010;M;1964;SWE;VÄSTRA GÖTALAND;LERUM;FNS; 15:19:29;02:15:22;20507;0;26469;00:26:21;00:58:34;01:32:42;02:08:48
605513;237253;267;Göteborgsvarvet 2010;F;1959;SWE;VÄSTRA GÖTALAND;GÖTEBORG;FNS; 15:06:19;02:48:53;10526;0;37180;00:37:22;01:16:18;01:57:44;02:40:43
589979;207351;267;Göteborgsvarvet 2010;F;1987;SWE;VÄSTRA GÖTALAND;GÖTEBORG;FNS; 13:51:44;01:51:50;976;0;8454;00:25:06;00:50:37;01:17:42;01:46:01
604382;260051;267;Göteborgsvarvet 2010;M;1976;GBR;NULL;NULL;FNS; 14:53:02;02:26:27;23950;0;32170;00:31:35;01:04:24;01:40:23;02:18:31
583564;206937;267;Göteborgsvarvet 2010;F;1975;SWE;JÖNKÖPING;JÖNKÖPING;FNS; 15:47:23;01:50:38;854;0;7686;00:26:04;00:52:12;01:18:41;01:45:14
612712;191524;267;Göteborgsvarvet 2010;M;1984;SWE;VÄSTRA GÖTALAND;KUNGÄLV;FNS; 14:39:52;02:21:01;22511;0;29750;00:28:34;01:03:13;01:38:57;02:14:28
615077;40224;267;Göteborgsvarvet 2010;M;1980;SWE;VÄSTRA GÖTALAND;MÖLNDAL;FNS; 14:13:03;01:52:09;7633;0;8635;00:26:08;00:51:32;01:18:09;01:46:21
614963;1014;267;Göteborgsvarvet 2010;M;1980;SWE;VÄSTRA GÖTALAND;SKARA;FNS; 14:26:08;02:40:30;26098;0;36068;00:29:24;01:05:46;01:52:15;02:32:36
585757;102526;267;Göteborgsvarvet 2010;M;1956;SWE;HALLAND;HALMSTAD;FNS; 14:30:32;02:09:33;17769;0;22299;00:27:51;00:58:08;01:30:45;02:03:10
583039;128523;267;Göteborgsvarvet 2010;M;1984;SWE;VÄSTRA GÖTALAND;GÖTEBORG;FNS; 15:49:34;02:04:37;15164;0;18506;00:29:03;00:57:07;01:25:29;01:57:44
609905;241617;267;Göteborgsvarvet 2010;M;1946;SWE;VÄSTRA GÖTALAND;KUNGÄLV;FNS; 14:05:26;01:52:38;7881;0;8936;00:25:16;00:51:23;01:18:17;01:47:10
590186;133844;267;Göteborgsvarvet 2010;F;1979;SWE;VÄSTRA GÖTALAND;BORÅS;FNS; 15:34:10;02:07:13;3978;0;20558;00:27:56;00:56:43;01:28:36;02:00:30
616804;73789;267;Göteborgsvarvet 2010;M;1958;SWE;VÄSTRA GÖTALAND;KUNGÄLV;FNS; 13:39:55;01:44:29;3944;0;4306;00:23:41;00:47:41;01:12:41;01:38:50
603678;151114;267;Göteborgsvarvet 2010;M;1983;SWE;ÖSTERGÖTLAND;NORRKÖPING;FNS; 15:20:12;02:01:51;13657;0;16347;00:25:44;00:56:16;01:27:06;01:56:08
561959;246210;267;Göteborgsvarvet 2010;F;1976;SWE;VÄSTRA GÖTALAND;BORÅS;FNS; 13:56:52;02:21:07;7254;0;29795;00:29:45;01:01:57;01:38:28;02:14:21
582016;13403;267;Göteborgsvarvet 2010;F;1966;SWE;VÄSTRA GÖTALAND;GÖTEBORG;FNS; 13:57:17;02:11:16;4957;0;23603;00:30:51;01:01:34;01:33:02;02:04:51
614663;69618;267;Göteborgsvarvet 2010;M;1986;SWE;VÄSTRA GÖTALAND;SVENLJUNGA;FNS; 14:01:54;02:07:39;16817;0;20900;00:26:11;00:52:53;01:27:05;02:01:08
572595;250052;267;Göteborgsvarvet 2010;F;1965;NOR;NULL;NULL;FNS; 16:00:35;02:07:39;4082;0;20896;00:27:42;00:57:17;01:28:59;02:00:59
608422;130095;267;Göteborgsvarvet 2010;M;1974;SWE;KALMAR;MÖNSTERÅS;FNS; 13:51:23;01:45:06;4200;0;4591;00:24:40;00:48:36;01:13:17;01:39:34
577850;251989;267;Göteborgsvarvet 2010;M;1984;SWE;VÄSTRA GÖTALAND;SKARA;FNS; 15:54:49;01:42:20;3140;0;3420;00:23:52;00:48:09;01:13:11;01:37:43
603469;133565;267;Göteborgsvarvet 2010;M;1963;SWE;SKÅNE;SVEDALA;FNS; 14:53:39;02:22:33;22922;0;30450;00:32:21;01:05:23;01:39:45;02:15:29
570031;249034;267;Göteborgsvarvet 2010;M;1968;ESP;NULL;NULL;FNS; 16:00:12;01:45:34;4423;0;4850;00:22:25;00:46:35;01:12:30;01:40:10
596343;236149;267;Göteborgsvarvet 2010;M;1974;SWE;HALLAND;VARBERG;FNS; 15:13:15;02:13:42;19784;0;25349;00:26:26;00:57:56;01:33:13;02:07:21
576080;162334;267;Göteborgsvarvet 2010;F;1983;SWE;HALLAND;KUNGSBACKA;FNS; 15:54:28;02:09:51;4604;0;22543;00:29:24;01:00:15;01:31:23;02:03:24
614710;95185;267;Göteborgsvarvet 2010;M;1972;SWE;VÄSTRA GÖTALAND;GÖTEBORG;FNS; 14:31:13;02:11:36;18806;0;23841;00:27:44;00:57:41;01:31:35;02:05:06
604744;235274;267;Göteborgsvarvet 2010;F;1974;SWE;VÄSTRA GÖTALAND;GÖTEBORG;FNS; 14:45:44;02:08:45;4345;0;21703;00:31:48;01:01:56;01:33:31;02:02:44
595347;182382;267;Göteborgsvarvet 2010;M;1981;SWE;SÖDERMANLAND;NYKÖPING;FNS; 15:27:18;01:48:23;5635;0;6281;00:26:19;00:52:17;01:17:38;01:43:32
594482;48208;267;Göteborgsvarvet 2010;M;1974;SWE;VÄSTRA GÖTALAND;TROLLHÄTTAN;FNS; 13:33:50;01:36:38;1613;0;1733;00:23:09;00:46:25;01:08:54;01:31:56
568257;248554;267;Göteborgsvarvet 2010;F;1962;SWE;VÄSTRA GÖTALAND;GULLSPÅNG;FNS; 14:24:28;02:24:54;7957;0;31528;00:30:13;01:03:48;01:39:01;02:17:15
586818;35947;267;Göteborgsvarvet 2010;M;1985;SWE;VÄSTRA GÖTALAND;MÖLNDAL;FNS; 15:42:20;02:30:06;24717;0;33502;00:33:33;01:07:17;01:43:20;02:22:36
611542;236308;267;Göteborgsvarvet 2010;M;1950;SWE;VÄSTRA GÖTALAND;TRANEMO;FNS; 14:26:21;02:29:30;24605;0;33308;00:29:58;01:05:34;01:45:46;02:22:05
590336;255895;267;Göteborgsvarvet 2010;F;1968;SWE;KALMAR;KALMAR;FNS; 15:40:28;02:05:17;3521;0;19083;00:28:32;00:58:02;01:28:02;01:59:10
619770;79335;267;Göteborgsvarvet 2010;M;1974;SWE;SKÅNE;HÄSSLEHOLM;FNS; 13:37:33;01:48:42;5797;0;6469;00:22:56;00:47:17;01:15:00;01:43:01
616364;51207;267;Göteborgsvarvet 2010;M;1963;SWE;HALLAND;FALKENBERG;FNS; 13:40:18;01:42:42;3258;0;3548;00:24:04;00:47:56;01:12:24;01:37:35
573865;233306;267;Göteborgsvarvet 2010;M;1976;SWE;STOCKHOLM;STOCKHOLM;FNS; 16:00:25;02:13:17;19595;0;25055;00:28:23;00:58:46;01:30:31;02:06:29
591849;155579;267;Göteborgsvarvet 2010;M;1972;SWE;KRONOBERG;VÄXJÖ;FNS; 15:33:34;02:17:15;21243;0;27656;00:29:55;01:01:26;01:34:51;02:10:05
581005;35874;267;Göteborgsvarvet 2010;F;1992;SWE;SKÅNE;LUND;FNS; 15:47:41;02:33:52;9291;0;34618;00:29:45;01:03:48;01:40:04;02:27:11
597638;111564;267;Göteborgsvarvet 2010;F;1963;SWE;VÄSTRA GÖTALAND;MÖLNDAL;FNS; 13:41:47;01:59:26;2158;0;14330;00:27:23;00:55:06;01:24:18;01:53:43
601043;259145;267;Göteborgsvarvet 2010;M;1954;SWE;JÖNKÖPING;TRANÅS;FNS; 15:07:42;03:07:00;27151;0;38179;00:40:10;01:22:38;02:09:17;02:58:11
561490;245833;267;Göteborgsvarvet 2010;F;1801;DNK;NULL;NULL;FNS; 14:32:02;02:31:34;9007;0;34001;00:33:03;01:09:53;01:47:40;02:24:32
591729;191614;267;Göteborgsvarvet 2010;F;1980;SWE;VÄSTRA GÖTALAND;GÖTEBORG;FNS; 13:50:53;01:39:54;194;0;2633;00:22:58;00:44:22;01:11:14;01:35:29
570968;123488;267;Göteborgsvarvet 2010;M;1984;SWE;SKÅNE;LUND;FNS; 16:00:20;02:13:39;19760;0;25306;00:26:31;00:56:12;01:28:46;02:05:12
601518;61429;267;Göteborgsvarvet 2010;M;1969;SWE;VÄSTRA GÖTALAND;GÖTEBORG;FNS; 13:39:44;01:51:50;7480;0;8457;00:24:40;00:51:20;01:17:39;01:46:20
603065;217228;267;Göteborgsvarvet 2010;M;1974;SWE;VÄSTRA GÖTALAND;ULRICEHAMN;FNS; 13:51:12;01:36:54;1699;0;1820;00:23:27;00:45:21;01:07:57;01:32:00
585437;177443;267;Göteborgsvarvet 2010;M;1976;SWE;VÄSTRA GÖTALAND;MÖLNDAL;FNS; 13:50:24;01:42:31;3194;0;3482;00:22:01;00:44:49;01:12:28;01:37:30
584154;214543;267;Göteborgsvarvet 2010;M;1965;SWE;STOCKHOLM;SIGTUNA;FNS; 14:26:05;02:12:36;19268;0;24564;00:27:59;00:58:04;01:31:44;02:06:00
578932;59453;267;Göteborgsvarvet 2010;F;1991;SWE;SKÅNE;LUND;FNS; 15:54:39;02:07:43;4106;0;20952;00:30:02;00:59:33;01:30:05;02:01:50
613486;60308;267;Göteborgsvarvet 2010;M;1965;SWE;VÄSTRA GÖTALAND;BORÅS;FNS; 13:34:16;01:41:47;2969;0;3232;00:22:56;00:46:29;01:10:53;01:36:33
575375;152713;267;Göteborgsvarvet 2010;F;1974;SWE;ÖREBRO;ÖREBRO;FNS; 15:54:29;02:03:32;3066;0;17628;00:29:14;00:58:51;01:28:37;01:57:36
578367;69137;267;Göteborgsvarvet 2010;M;1965;SWE;HALLAND;VARBERG;FNS; 15:48:43;02:43:23;26332;0;36527;00:32:05;01:09:32;01:50:23;02:34:28
603759;39891;267;Göteborgsvarvet 2010;M;1980;SWE;VÄSTRA GÖTALAND;GÖTEBORG;FNS; 14:12:18;01:44:36;3986;0;4353;00:23:03;00:46:26;01:11:22;01:38:53
604743;233199;267;Göteborgsvarvet 2010;M;1952;SWE;NULL;NULL;FNS; 15:06:06;03:26:53;27277;0;38413;00:47:12;01:35:10;02:24:16;03:16:06
579724;27508;267;Göteborgsvarvet 2010;M;1967;SWE;NULL;NULL;FNS; 15:48:01;02:08:27;17214;0;21474;00:26:52;00:55:31;01:26:22;02:00:49
556819;45943;267;Göteborgsvarvet 2010;M;1970;SWE;JÖNKÖPING;JÖNKÖPING;FNS; 14:13:11;02:11:29;18751;0;23754;00:27:00;00:55:53;01:30:36;02:04:24
598720;70410;267;Göteborgsvarvet 2010;M;1973;SWE;VÄSTRA GÖTALAND;PARTILLE;FNS; 14:37:24;02:07:30;16728;0;20776;00:27:14;00:58:50;01:27:11;02:00:14
598806;158130;267;Göteborgsvarvet 2010;M;1979;SWE;VÄSTRA GÖTALAND;GÖTEBORG;FNS; 15:26:50;02:06:28;16196;0;19995;00:31:12;01:01:02;01:30:57;02:00:35
580126;229199;267;Göteborgsvarvet 2010;F;1964;NOR;;NULL;FNS; 14:01:47;01:59:51;2256;0;14738;00:26:31;00:53:52;01:23:03;01:53:55
599453;179330;267;Göteborgsvarvet 2010;M;1981;SWE;JÖNKÖPING;JÖNKÖPING;FNS; 15:26:43;01:49:22;6166;0;6884;00:25:26;00:50:49;01:16:46;01:44:02
592140;256539;267;Göteborgsvarvet 2010;M;1955;SWE;STOCKHOLM;VÄRMDÖ;FNS; 14:00:19;02:03:12;14392;0;17391;00:26:39;00:54:19;01:23:41;01:57:10
591568;207177;267;Göteborgsvarvet 2010;M;1966;SWE;JÖNKÖPING;JÖNKÖPING;FNS; 15:07:55;02:33:38;25281;0;34546;00:34:26;01:09:51;01:46:39;02:25:43
591001;128067;267;Göteborgsvarvet 2010;F;1971;SWE;JÖNKÖPING;JÖNKÖPING;FNS; 15:34:33;02:30:28;8842;0;33638;00:37:07;01:11:11;01:46:21;02:23:13
620216;226282;267;Göteborgsvarvet 2010;M;1986;SWE;VÄSTRA GÖTALAND;GÖTEBORG;FNS; 15:07:39;02:58:52;27000;0;37860;00:41:39;01:22:48;02:05:32;02:50:15
611048;21221;267;Göteborgsvarvet 2010;M;1971;SWE;VÄSTRA GÖTALAND;GÖTEBORG;FNS; 14:00:29;01:56:40;10329;0;11944;00:24:50;00:50:15;01:18:25;01:50:18
597713;74052;267;Göteborgsvarvet 2010;M;1972;SWE;JÖNKÖPING;HABO;FNS; 14:12:19;02:00:45;13006;0;15453;00:25:17;00:53:24;01:23:38;01:54:16
579667;80320;267;Göteborgsvarvet 2010;M;1983;SWE;VÄSTRA GÖTALAND;VÄNERSBORG;FNS; 15:48:56;01:54:15;8805;0;10087;00:26:27;00:51:59;01:18:36;01:47:42
601734;259321;267;Göteborgsvarvet 2010;M;1958;SWE;HALLAND;KUNGSBACKA;FNS; 15:20:45;02:49:19;26674;0;37221;00:35:03;01:15:34;01:57:04;02:40:54
585732;90564;267;Göteborgsvarvet 2010;M;1958;SWE;VÄSTRA GÖTALAND;SKÖVDE;FNS; 13:50:31;01:51:24;7246;0;8180;00:24:06;00:48:53;01:15:13;01:45:00
607254;67294;267;Göteborgsvarvet 2010;M;1951;SWE;STOCKHOLM;LIDINGÖ;FNS; 13:51:27;01:47:48;5344;0;5939;00:25:40;00:51:20;01:17:26;01:42:43
594255;39562;267;Göteborgsvarvet 2010;F;1990;SWE;VÄSTRA GÖTALAND;GÖTEBORG;FNS; 14:30:20;02:15:14;5935;0;26393;00:28:20;01:00:18;01:34:01;02:08:38
594578;219965;267;Göteborgsvarvet 2010;F;1981;SWE;STOCKHOLM;STOCKHOLM;FNS; 13:51:55;01:45:23;415;0;4751;00:23:36;00:48:31;01:14:17;01:40:19
610007;85614;267;Göteborgsvarvet 2010;M;1965;SWE;VÄSTRA GÖTALAND;UDDEVALLA;FNS; 13:51:45;01:51:36;7351;0;8306;00:24:47;00:49:52;01:17:10;01:46:01
561485;245828;267;Göteborgsvarvet 2010;M;1801;DNK;NULL;NULL;FNS; 14:46:52;02:02:37;14050;0;16909;00:29:17;00:57:52;01:27:01;01:56:55
617106;76545;267;Göteborgsvarvet 2010;M;1966;SWE;VÄSTRA GÖTALAND;BORÅS;FNS; 14:12:14;02:17:45;21416;0;27931;00:25:47;00:54:54;01:30:40;02:10:27
598680;52248;267;Göteborgsvarvet 2010;M;1953;SWE;STOCKHOLM;DANDERYD;FNS; 13:51:17;01:55:05;9318;0;10700;00:25:32;00:51:29;01:19:04;01:49:24
584770;231381;267;Göteborgsvarvet 2010;F;1987;SWE;VÄSTRA GÖTALAND;GÖTEBORG;FNS; 15:42:21;02:05:56;3676;0;19589;00:28:58;00:57:56;01:28:14;01:59:50
609878;220946;267;Göteborgsvarvet 2010;M;1964;SWE;VÄSTRA GÖTALAND;SKÖVDE;FNS; 14:14:02;01:55:34;9606;0;11074;00:25:14;00:50:58;01:19:46;01:49:35
605569;209646;267;Göteborgsvarvet 2010;F;1971;SWE;JÖNKÖPING;JÖNKÖPING;FNS; 14:38:22;02:06:48;3873;0;20261;00:28:08;00:56:54;01:28:03;02:00:11
554881;243139;267;Göteborgsvarvet 2010;M;1986;SWE;STOCKHOLM;TÄBY;FNS; 13:30:02;01:11:17;19;0;19;00:16:45;00:32:57;00:49:35;01:07:22
570590;110921;267;Göteborgsvarvet 2010;F;1984;SWE;ÖREBRO;ÖREBRO;FNS; 14:51:29;02:27:01;8315;0;32384;00:30:24;01:06:00;01:41:52;02:19:48
618345;188029;267;Göteborgsvarvet 2010;F;1962;SWE;ÖSTERGÖTLAND;MOTALA;FNS; 15:06:01;02:19:12;6857;0;28810;00:31:16;01:03:40;01:37:49;02:12:13
617053;98888;267;Göteborgsvarvet 2010;M;1974;SWE;VÄSTRA GÖTALAND;GÖTEBORG;FNS; 14:13:21;01:47:20;5135;0;5690;00:23:31;00:47:59;01:14:04;01:41:31
563342;246917;267;Göteborgsvarvet 2010;M;1801;DNK;NULL;NULL;FNS; 14:31:23;02:08:16;17117;0;21335;00:27:47;00:56:23;01:26:37;02:00:58
587691;168293;267;Göteborgsvarvet 2010;M;1955;SWE;HALLAND;KUNGSBACKA;FNS; 14:44:43;02:24:31;23454;0;31336;00:28:40;01:01:46;01:36:56;02:16:57
607839;260932;267;Göteborgsvarvet 2010;M;1976;SWE;VÄRMLAND;EDA;FNS; 14:44:15;02:27:11;24116;0;32455;00:29:14;01:03:44;01:40:27;02:19:14
563344;246919;267;Göteborgsvarvet 2010;M;1801;DNK;NULL;NULL;FNS; 14:01:02;02:05:21;15594;0;19129;00:25:40;00:52:13;01:21:03;01:56:19
608978;59866;267;Göteborgsvarvet 2010;M;1961;SWE;VÄSTRA GÖTALAND;UDDEVALLA;FNS; 15:14:13;02:16:54;21112;0;27440;00:33:01;01:04:42;01:36:59;02:10:09
605485;260336;267;Göteborgsvarvet 2010;M;1986;SWE;HALLAND;HALMSTAD;FNS; 15:20:08;02:13:22;19625;0;25107;00:26:27;00:59:59;01:33:22;02:07:16
574921;206792;267;Göteborgsvarvet 2010;M;1981;SWE;BLEKINGE;RONNEBY;FNS; 13:39:21;01:40:46;2681;0;2902;00:22:28;00:45:50;01:10:44;01:35:52
572493;151444;267;Göteborgsvarvet 2010;M;1988;SWE;VÄSTRA GÖTALAND;GÖTEBORG;FNS; 13:51:24;01:52:29;7811;0;8851;00:25:03;00:50:23;01:18:05;01:46:38
596736;1867;267;Göteborgsvarvet 2010;F;1969;SWE;NULL;NULL;FNS; 15:27:45;02:38:58;9838;0;35781;00:35:23;01:11:29;01:49:20;02:31:14
577996;153756;267;Göteborgsvarvet 2010;M;1976;SWE;STOCKHOLM;BOTKYRKA;FNS; 13:34:06;01:39:46;2396;0;2586;00:22:11;00:45:03;01:08:34;01:34:35
585076;205133;267;Göteborgsvarvet 2010;M;1964;SWE;VÄSTRA GÖTALAND;MARIESTAD;FNS; 15:40:21;02:06:32;16231;0;20049;00:28:04;00:56:48;01:28:02;02:00:36
604109;44620;267;Göteborgsvarvet 2010;M;1948;SWE;STOCKHOLM;JÄRFÄLLA;FNS; 14:45:11;02:14:52;20316;0;26178;00:28:09;00:58:55;01:31:48;02:07:30
613487;240664;267;Göteborgsvarvet 2010;M;1968;SWE;BLEKINGE;KARLSKRONA;FNS; 14:44:34;02:28:31;24401;0;32961;00:30:54;01:05:26;01:40:46;02:20:58
587841;97447;267;Göteborgsvarvet 2010;M;1968;SWE;HALLAND;KUNGSBACKA;FNS; 14:30:32;02:06:07;16007;0;19722;00:26:04;00:54:09;01:23:48;01:59:22
616431;58470;267;Göteborgsvarvet 2010;M;1973;SWE;VÄSTRA GÖTALAND;UDDEVALLA;FNS; 15:00:21;02:37:36;25793;0;35496;00:35:23;01:11:14;01:48:51;02:29:49
614668;243389;267;Göteborgsvarvet 2010;F;1982;SWE;VÄSTRA GÖTALAND;GÖTEBORG;FNS; 13:55:41;01:53:23;1161;0;9454;00:27:58;00:55:00;01:21:34;01:48:02
603254;259722;267;Göteborgsvarvet 2010;F;1965;DEU;NULL;NULL;FNS; 15:19:50;02:50:43;10610;0;37345;00:38:48;01:17:43;01:58:12;02:41:39
592748;185926;267;Göteborgsvarvet 2010;M;1970;SWE;SKÅNE;HÄSSLEHOLM;FNS; 14:00:18;01:51:23;7220;0;8151;00:23:44;00:48:57;01:15:26;01:45:22
595606;50830;267;Göteborgsvarvet 2010;M;1977;SWE;VÄSTRA GÖTALAND;HÄRRYDA;FNS; 15:26:29;01:54:19;8841;0;10127;00:25:54;00:51:34;01:19:42;01:49:17
574954;100923;267;Göteborgsvarvet 2010;F;1972;SWE;ÖREBRO;ÖREBRO;FNS; 15:13:01;02:35:29;9472;0;35009;00:35:41;01:11:09;01:47:25;02:26:51
560822;176811;267;Göteborgsvarvet 2010;M;1947;SWE;GOTLAND;GOTLAND;FNS; 13:44:44;02:07:15;16602;0;20589;00:25:27;00:52:26;01:26:10;02:00:44
563216;226624;267;Göteborgsvarvet 2010;F;1977;SWE;VÄSTRA GÖTALAND;LIDKÖPING;FNS; 13:55:42;02:09:58;4634;0;22634;00:29:34;00:59:49;01:31:05;02:03:32
569236;105169;267;Göteborgsvarvet 2010;F;1989;SWE;VÄSTRA GÖTALAND;GÖTEBORG;FNS; 13:57:15;02:04:44;3369;0;18610;00:30:58;01:00:06;01:29:16;01:59:06
580559;241679;267;Göteborgsvarvet 2010;F;1972;SWE;ÖREBRO;ÖREBRO;FNS; 15:48:09;02:20:40;7177;0;29591;00:32:16;01:05:30;01:40:01;02:13:48
606791;110691;267;Göteborgsvarvet 2010;F;1951;SWE;VÄSTRA GÖTALAND;VÄNERSBORG;FNS; 14:17:18;02:11:44;5079;0;23941;00:28:05;00:58:14;01:30:11;02:04:46
578014;157905;267;Göteborgsvarvet 2010;M;1972;SWE;JÖNKÖPING;NÄSSJÖ;FNS; 15:54:36;02:10:47;18411;0;23237;00:28:44;00:59:41;01:31:33;02:04:07
605706;60916;267;Göteborgsvarvet 2010;M;1965;SWE;SKÅNE;LUND;FNS; 14:25:44;02:04:57;15364;0;18803;00:26:56;00:56:02;01:26:38;01:58:27
554690;243056;267;Göteborgsvarvet 2010;M;1801;DNK;NULL;NULL;FNS; 14:31:10;01:54:31;8955;0;10267;00:25:17;00:51:32;01:19:17;01:48:38
619354;8276;267;Göteborgsvarvet 2010;M;1980;SWE;HALLAND;VARBERG;FNS; 14:01:27;02:05:19;15571;0;19095;00:25:47;00:55:48;01:27:40;01:58:50
605640;90508;267;Göteborgsvarvet 2010;M;1962;SWE;VÄSTRA GÖTALAND;GÖTEBORG;FNS; 13:39:20;01:47:21;5152;0;5708;00:23:11;00:47:17;01:12:52;01:41:13
607594;132174;267;Göteborgsvarvet 2010;F;1956;SWE;VÄRMLAND;KARLSTAD;FNS; 13:50:38;01:54:05;1259;0;9943;00:25:39;00:51:17;01:18:26;01:47:53
619156;191848;267;Göteborgsvarvet 2010;F;1968;SWE;VÄSTMANLAND;NORBERG;FNS; 14:38:16;02:03:06;2968;0;17307;00:28:40;00:57:47;01:27:10;01:57:04
598561;209021;267;Göteborgsvarvet 2010;F;1990;SWE;STOCKHOLM;LIDINGÖ;FNS; 14:24:35;02:19:08;6837;0;28766;00:29:49;01:03:11;01:37:50;02:12:19
595237;55029;267;Göteborgsvarvet 2010;M;1965;SWE;VÄSTRA GÖTALAND;ALINGSÅS;FNS; 14:15:42;01:56:41;10351;0;11970;00:25:09;00:51:57;01:20:45;01:51:08
591136;256161;267;Göteborgsvarvet 2010;M;1957;SWE;VÄSTRA GÖTALAND;LIDKÖPING;FNS; 13:39:14;01:47:42;5314;0;5902;00:23:14;00:47:45;01:13:43;01:41:44
593821;232209;267;Göteborgsvarvet 2010;F;1983;SWE;VÄSTRA GÖTALAND;KUNGÄLV;FNS; 15:35:12;02:54:37;10749;0;37625;00:38:45;01:17:49;02:01:21;02:47:34
596207;56681;267;Göteborgsvarvet 2010;M;1975;SWE;SÖDERMANLAND;VINGÅKER;FNS; 13:30:17;01:22:08;142;0;153;00:18:38;00:37:31;00:57:15;01:17:47
615035;221907;267;Göteborgsvarvet 2010;M;1967;SWE;VÄSTRA GÖTALAND;KUNGÄLV;FNS; 14:03:32;01:49:44;6363;0;7118;00:25:25;00:50:35;01:16:04;01:43:41
904048;220235;267;Göteborgsvarvet 2010;F;1951;SWE;VÄSTRA GÖTALAND;GÖTEBORG;FNS; 15:06:55;03:47:08;11157;0;38458;00:49:55;01:43:12;02:37:29;03:34:17
594836;257310;267;Göteborgsvarvet 2010;F;1980;SVN;NULL;NULL;FNS; 15:34:16;02:32:50;9160;0;34340;00:36:36;01:11:39;01:48:07;02:25:35
582653;64626;267;Göteborgsvarvet 2010;M;1949;SWE;VÄSTRA GÖTALAND;ÖCKERÖ;FNS; 13:50:26;01:56:12;10037;0;11597;00:24:38;00:50:34;01:19:00;01:50:00
604982;227784;267;Göteborgsvarvet 2010;M;1963;SWE;VÄSTRA GÖTALAND;GÖTEBORG;FNS; 13:57:14;03:28:36;27279;0;38419;00:43:38;01:29:01;02:18:14;03:15:36
571060;36022;267;Göteborgsvarvet 2010;M;1970;SWE;ÖREBRO;ÖREBRO;FNS; 16:00:55;02:08:29;17229;0;21503;00:27:23;00:55:47;01:26:28;02:02:06
554411;48151;267;Göteborgsvarvet 2010;F;1979;SWE;VÄSTRA GÖTALAND;GÖTEBORG;FNS; 14:17:29;02:54:01;10734;0;37593;00:37:09;01:19:42;02:01:49;02:45:17
574228;106424;267;Göteborgsvarvet 2010;M;1977;SWE;VÄSTRA GÖTALAND;MÖLNDAL;FNS; 14:25:22;01:50:23;6718;0;7545;00:27:24;00:52:12;01:18:06;01:45:11
615481;234906;267;Göteborgsvarvet 2010;M;1973;SWE;SKÅNE;HELSINGBORG;FNS; 13:41:33;01:48:50;5869;0;6546;00:23:25;00:47:46;01:15:25;01:42:47
575960;3260;267;Göteborgsvarvet 2010;F;1979;SWE;ÖSTERGÖTLAND;LINKÖPING;FNS; 15:54:13;02:03:03;2957;0;17262;00:25:33;00:52:58;01:23:06;01:56:11
620708;1810;267;Göteborgsvarvet 2010;M;1980;SWE;VÄSTRA GÖTALAND;GÖTEBORG;FNS; 13:51:50;01:41:57;3016;0;3284;00:22:53;00:44:22;01:09:24;01:36:26
614665;87144;267;Göteborgsvarvet 2010;M;1982;SWE;VÄSTRA GÖTALAND;GÖTEBORG;FNS; 15:13:26;01:57:59;11191;0;13068;00:26:33;00:53:00;01:21:07;01:52:06
612631;51562;267;Göteborgsvarvet 2010;M;1969;SWE;ÖSTERGÖTLAND;NORRKÖPING;FNS; 14:00:46;02:07:13;16584;0;20562;00:27:31;00:57:11;01:27:36;02:00:11
576488;105661;267;Göteborgsvarvet 2010;M;1956;SWE;SKÅNE;PERSTORP;FNS; 14:12:32;02:14:26;20123;0;25885;00:27:26;00:56:50;01:31:45;02:06:59
570832;96221;267;Göteborgsvarvet 2010;M;1960;SWE;VÄSTRA GÖTALAND;GÖTEBORG;FNS; 16:00:37;01:58:36;11618;0;13612;00:27:23;00:55:33;01:23:39;01:52:39
600099;2222;267;Göteborgsvarvet 2010;F;1965;SWE;VÄSTRA GÖTALAND;GÖTEBORG;FNS; 15:21:13;03:15:43;11095;0;38326;00:40:10;01:24:37;02:18:05;03:07:29
609212;68717;267;Göteborgsvarvet 2010;M;1964;SWE;VÄSTRA GÖTALAND;TROLLHÄTTAN;FNS; 14:13:17;02:11:01;18524;0;23408;00:28:10;00:57:08;01:30:26;02:04:19
612111;73702;267;Göteborgsvarvet 2010;F;1967;SWE;VÄSTRA GÖTALAND;TÖREBODA;FNS; 14:00:52;01:55:44;1497;0;11247;00:26:03;00:52:55;01:20:43;01:49:53
595134;118870;267;Göteborgsvarvet 2010;M;1984;SWE;JÖNKÖPING;VETLANDA;FNS; 14:02:07;02:15:33;20577;0;26585;00:27:36;00:59:29;01:33:59;02:09:30
588572;61999;267;Göteborgsvarvet 2010;F;1959;SWE;VÄSTRA GÖTALAND;TROLLHÄTTAN;FNS; 14:17:43;02:29:32;8706;0;33311;00:30:56;01:04:10;01:42:31;02:21:40
603379;241081;267;Göteborgsvarvet 2010;M;1986;SWE;VÄSTRA GÖTALAND;MÖLNDAL;FNS; 14:00:14;01:48:34;5721;0;6384;00:22:45;00:46:47;01:13:09;01:42:48
583809;202361;267;Göteborgsvarvet 2010;M;1978;SWE;STOCKHOLM;STOCKHOLM;FNS; 13:52:07;01:45:02;4174;0;4561;00:25:10;00:49:43;01:14:18;01:39:51
602077;6300;267;Göteborgsvarvet 2010;M;1961;SWE;VÄSTRA GÖTALAND;BORÅS;FNS; 15:19:28;01:57:13;10704;0;12418;00:25:13;00:52:33;01:21:22;01:51:05
583602;190504;267;Göteborgsvarvet 2010;M;1951;SWE;HALLAND;FALKENBERG;FNS; 13:50:19;01:51:03;7070;0;7967;00:25:36;00:51:42;01:18:28;01:45:34
566970;70431;267;Göteborgsvarvet 2010;M;1973;SWE;VÄSTRA GÖTALAND;GÖTEBORG;FNS; 14:02:02;02:04:47;15281;0;18666;00:25:19;00:52:41;01:25:53;01:58:11
581282;105515;267;Göteborgsvarvet 2010;F;1975;SWE;HALLAND;VARBERG;FNS; 14:12:52;02:01:35;2639;0;16152;00:27:38;00:55:32;01:24:48;01:55:26
571413;103633;267;Göteborgsvarvet 2010;F;1984;SWE;VÄSTRA GÖTALAND;MÖLNDAL;FNS; 14:51:32;02:16:07;6134;0;26929;00:32:36;01:05:20;01:37:58;02:10:08
563806;247300;267;Göteborgsvarvet 2010;F;1801;;NULL;NULL;FNS; 13:44:23;01:44:09;349;0;4158;00:23:31;00:47:36;01:12:47;01:39:03
596883;171219;267;Göteborgsvarvet 2010;F;1992;SWE;VÄSTRA GÖTALAND;MÖLNDAL;FNS; 15:30:55;02:07:07;3947;0;20477;00:29:48;00:58:35;01:28:49;02:01:10
610312;56394;267;Göteborgsvarvet 2010;M;1971;SWE;VÄSTRA GÖTALAND;GÖTEBORG;FNS; 13:30:57;01:31:13;691;0;736;00:19:10;00:39:10;01:01:11;01:26:01
579151;149383;267;Göteborgsvarvet 2010;M;1981;SWE;VÄSTRA GÖTALAND;GÖTEBORG;FNS; 14:14:19;01:57:12;10697;0;12408;00:25:57;00:52:08;01:22:24;01:51:45
588315;67905;267;Göteborgsvarvet 2010;M;1955;SWE;VÄSTRA GÖTALAND;ORUST;FNS; 13:47:18;02:14:22;20101;0;25839;00:26:28;00:56:09;01:28:41;02:07:21
615391;262318;267;Göteborgsvarvet 2010;M;1963;SWE;VÄSTRA GÖTALAND;LIDKÖPING;FNS; 14:37:58;02:01:31;13478;0;16102;00:28:09;00:56:44;01:26:05;01:55:32
572460;13850;267;Göteborgsvarvet 2010;M;1971;SWE;VÄSTRA GÖTALAND;GÖTEBORG;FNS; 16:00:18;01:59:04;11934;0;14016;00:27:12;00:55:20;01:23:39;01:53:16
585372;92857;267;Göteborgsvarvet 2010;M;1991;SWE;SKÅNE;LUND;FNS; 15:40:29;02:20:16;22298;0;29392;00:25:44;00:52:25;01:36:40;02:14:56
587260;238832;267;Göteborgsvarvet 2010;M;1971;SWE;KRONOBERG;ALVESTA;FNS; 15:07:01;02:44:48;26437;0;36732;00:38:32;01:16:58;01:56:46;02:37:11
560973;245551;267;Göteborgsvarvet 2010;M;1801;SWE;VÄSTRA GÖTALAND;GÖTEBORG;FNS; 13:34:19;01:40:10;2520;0;2721;00:22:06;00:45:23;01:09:57;01:35:08
616508;186576;267;Göteborgsvarvet 2010;F;1964;SWE;ÖSTERGÖTLAND;LINKÖPING;FNS; 14:53:14;02:19:54;6999;0;29189;00:32:32;01:05:26;01:38:31;02:13:28
597219;39345;267;Göteborgsvarvet 2010;M;1968;SWE;VÄSTRA GÖTALAND;GÖTEBORG;FNS; 13:40:16;01:46:11;4696;0;5156;00:24:05;00:48:56;01:14:39;01:40:57
616691;216065;267;Göteborgsvarvet 2010;F;1967;SWE;VÄSTRA GÖTALAND;MARK;FNS; 14:39:11;02:13:15;5451;0;25033;00:28:04;00:57:15;01:31:54;02:06:37
613999;156319;267;Göteborgsvarvet 2010;F;1967;SWE;STOCKHOLM;LIDINGÖ;FNS; 14:59:30;02:15:23;5968;0;26485;00:29:04;01:00:34;01:33:51;02:08:30
608282;60897;267;Göteborgsvarvet 2010;M;1965;SWE;VÄSTRA GÖTALAND;UDDEVALLA;FNS; 14:37:24;02:00:59;13155;0;15656;00:24:57;00:52:48;01:23:31;01:54:39
619508;69451;267;Göteborgsvarvet 2010;F;1970;SWE;VÄSTRA GÖTALAND;PARTILLE;FNS; 14:44:12;02:19:24;6893;0;28918;00:27:57;00:59:20;01:34:07;02:11:33
584957;126551;267;Göteborgsvarvet 2010;M;1976;SWE;HALLAND;VARBERG;FNS; 15:40:50;01:47:19;5133;0;5686;00:24:43;00:49:24;01:15:45;01:42:01
604787;7651;267;Göteborgsvarvet 2010;M;1982;SWE;ÖSTERGÖTLAND;LINKÖPING;FNS; 15:20:11;02:00:58;13138;0;15635;00:27:34;00:55:55;01:25:00;01:54:40
581715;87313;267;Göteborgsvarvet 2010;F;1978;SWE;VÄSTRA GÖTALAND;HÄRRYDA;FNS; 14:25:00;02:02:25;2816;0;16761;00:27:00;00:55:16;01:24:04;01:55:54
573601;206949;267;Göteborgsvarvet 2010;M;1968;SWE;JÖNKÖPING;JÖNKÖPING;FNS; 15:54:22;01:41:39;2935;0;3191;00:22:57;00:45:53;01:10:06;01:36:20
607318;240118;267;Göteborgsvarvet 2010;M;1968;SWE;NULL;NULL;FNS; 14:12:28;01:58:52;11803;0;13840;00:25:49;00:53:00;01:21:15;01:52:31
584506;254165;267;Göteborgsvarvet 2010;M;1979;SWE;HALLAND;VARBERG;FNS; 13:51:47;01:44:46;4058;0;4430;00:24:21;00:47:56;01:12:33;01:39:37
597052;64258;267;Göteborgsvarvet 2010;M;1980;SWE;ÖSTERGÖTLAND;LINKÖPING;FNS; 13:30:19;01:28:41;458;0;483;00:20:10;00:40:50;01:02:27;01:24:14
617869;262793;267;Göteborgsvarvet 2010;M;1966;SWE;VÄSTRA GÖTALAND;BORÅS;FNS; 14:00:29;01:52:13;7665;0;8677;00:27:50;00:55:01;01:20:52;01:47:04
577922;31181;267;Göteborgsvarvet 2010;M;1978;SWE;VÄSTRA GÖTALAND;ÅMÅL;FNS; 15:54:56;02:17:47;21430;0;27955;00:32:17;01:04:23;01:36:58;02:10:43
571460;249572;267;Göteborgsvarvet 2010;M;1985;SWE;VÄSTRA GÖTALAND;GÖTEBORG;FNS; 14:52:29;01:57:32;10897;0;12668;00:25:58;00:53:34;01:22:23;01:51:59
617610;31860;267;Göteborgsvarvet 2010;F;1983;SWE;VÄSTRA GÖTALAND;GÖTEBORG;FNS; 14:30:27;02:06:28;3803;0;20000;00:26:19;00:55:43;01:27:19;01:59:58
578483;252206;267;Göteborgsvarvet 2010;M;1982;SWE;VÄSTRA GÖTALAND;GÖTEBORG;FNS; 14:39:35;02:06:02;15966;0;19664;00:26:50;00:53:57;01:26:13;01:59:03
601448;54071;267;Göteborgsvarvet 2010;F;1977;SWE;KRONOBERG;LJUNGBY;FNS; 15:12:25;02:01:50;2685;0;16332;00:26:30;00:54:54;01:23:55;01:55:34
571281;189549;267;Göteborgsvarvet 2010;F;1988;SWE;VÄSTRA GÖTALAND;LIDKÖPING;FNS; 16:00:18;02:19:51;6989;0;29168;00:30:54;01:02:46;01:36:48;02:12:35
589377;210662;267;Göteborgsvarvet 2010;M;1966;SWE;SKÅNE;MALMÖ;FNS; 14:38:32;02:01:26;13435;0;16031;00:28:42;00:57:06;01:25:51;01:55:14
608937;179959;267;Göteborgsvarvet 2010;M;1967;SWE;VÄSTRA GÖTALAND;MÖLNDAL;FNS; 14:37:47;02:05:36;15733;0;19333;00:29:20;00:59:20;01:30:04;02:00:02
573346;186415;267;Göteborgsvarvet 2010;F;1974;SWE;STOCKHOLM;STOCKHOLM;FNS; 15:54:26;01:44:52;379;0;4485;00:23:26;00:47:39;01:12:53;01:39:30
604528;74068;267;Göteborgsvarvet 2010;M;1990;SWE;VÄSTRA GÖTALAND;GÖTEBORG;FNS; 15:20:17;02:04:15;14959;0;18206;00:28:01;00:56:23;01:27:20;01:58:12
570343;34464;267;Göteborgsvarvet 2010;M;1982;SWE;VÄSTRA GÖTALAND;GÖTEBORG;FNS; 14:58:37;02:42:44;26283;0;36430;00:34:03;01:12:20;01:52:10;02:34:15
593183;46052;267;Göteborgsvarvet 2010;M;1968;SWE;VÄSTRA GÖTALAND;MÖLNDAL;FNS; 14:12:35;01:58:01;11217;0;13098;00:26:16;00:53:14;01:22:33;01:52:27
604060;158537;267;Göteborgsvarvet 2010;M;1976;SWE;VÄSTRA GÖTALAND;GÖTEBORG;FNS; 13:51:10;01:43:26;3531;0;3848;00:23:13;00:46:36;01:10:59;01:38:05
598973;58672;267;Göteborgsvarvet 2010;M;1944;SWE;STOCKHOLM;HANINGE;FNS; 15:07:28;03:03:59;27099;0;38070;00:37:01;01:18:04;02:04:33;02:54:33
578008;237456;267;Göteborgsvarvet 2010;F;1977;SWE;STOCKHOLM;JÄRFÄLLA;FNS; 15:55:26;02:36:01;9544;0;35153;00:35:39;01:11:09;01:47:59;02:27:41
570568;249254;267;Göteborgsvarvet 2010;F;1986;SWE;VÄSTRA GÖTALAND;GÖTEBORG;FNS; 16:00:51;02:10:52;4858;0;23313;00:29:32;01:00:02;01:31:12;02:03:50
585471;107381;267;Göteborgsvarvet 2010;M;1982;SWE;VÄSTRA GÖTALAND;GÖTEBORG;FNS; 15:40:34;02:05:50;15862;0;19521;00:26:35;00:54:57;01:25:26;01:59:28
556335;50290;267;Göteborgsvarvet 2010;M;1973;SWE;VÄSTRA GÖTALAND;ALINGSÅS;FNS; 13:55:14;01:48:41;5793;0;6463;00:23:20;00:48:06;01:14:03;01:42:31
570644;90792;267;Göteborgsvarvet 2010;F;1986;SWE;VÄSTRA GÖTALAND;VÅRGÅRDA;FNS; 16:01:05;02:07:48;4118;0;21001;00:28:38;00:57:18;01:27:30;02:01:09
573241;3052;267;Göteborgsvarvet 2010;M;1982;SWE;STOCKHOLM;STOCKHOLM;FNS; 13:52:06;01:44:40;4020;0;4390;00:25:20;00:50:46;01:15:31;01:39:46
589397;141312;267;Göteborgsvarvet 2010;M;1969;SWE;HALLAND;HALMSTAD;FNS; 15:42:04;02:11:06;18554;0;23460;00:31:39;01:02:25;01:33:02;02:05:19
602827;68635;267;Göteborgsvarvet 2010;M;1979;SWE;KRONOBERG;VÄXJÖ;FNS; 15:21:10;02:24:56;23583;0;31544;00:34:00;01:07:21;01:40:50;02:16:53
601602;194999;267;Göteborgsvarvet 2010;M;1971;SWE;HALLAND;HALMSTAD;FNS; 15:19:52;02:14:03;19952;0;25607;00:26:26;00:55:17;01:31:11;02:06:56
586876;210515;267;Göteborgsvarvet 2010;M;1971;SWE;VÄSTRA GÖTALAND;LERUM;FNS; 15:41:14;02:11:07;18569;0;23484;00:29:41;01:03:33;01:32:00;02:05:14
616366;51124;267;Göteborgsvarvet 2010;M;1967;SWE;VÄSTRA GÖTALAND;GÖTEBORG;FNS; 14:00:18;01:57:48;11077;0;12916;00:24:40;00:54:16;01:22:39;01:52:26
608005;197600;267;Göteborgsvarvet 2010;M;1971;SWE;VÄSTRA GÖTALAND;MÖLNDAL;FNS; 14:38:27;01:56:09;10002;0;11548;00:25:39;00:50:52;01:18:33;01:49:15
579690;26795;267;Göteborgsvarvet 2010;F;1972;SWE;VÄSTRA GÖTALAND;GÖTEBORG;FNS; 14:44:24;02:20:35;7157;0;29545;00:30:56;01:05:00;01:38:54;02:13:58
574783;36675;267;Göteborgsvarvet 2010;M;1946;SWE;VÄSTRA GÖTALAND;ÖCKERÖ;FNS; 13:55:20;02:24:01;23299;0;31092;00:28:14;01:01:53;01:37:52;02:16:32
577428;153133;267;Göteborgsvarvet 2010;M;1972;SWE;NULL;NULL;FNS; 13:56:46;01:58:08;11296;0;13201;00:26:55;00:53:14;01:21:25;01:52:45
610520;220858;267;Göteborgsvarvet 2010;F;1972;SWE;VÄSTRA GÖTALAND;SKÖVDE;FNS; 15:06:30;02:14:24;5760;0;25878;00:31:42;01:02:33;01:34:21;02:07:44
585886;254553;267;Göteborgsvarvet 2010;M;1987;SWE;VÄSTRA GÖTALAND;GÖTEBORG;FNS; 14:13:50;02:22:50;22997;0;30574;00:27:24;00:58:04;01:36:04;02:15:13
572074;101073;267;Göteborgsvarvet 2010;M;1956;SWE;VÄSTRA GÖTALAND;LILLA EDET;FNS; 16:00:10;01:54:38;9027;0;10351;00:25:03;00:51:44;01:19:33;01:48:44
592769;218480;267;Göteborgsvarvet 2010;F;1975;SWE;VÄSTRA GÖTALAND;GÖTEBORG;FNS; 14:59:11;02:25:21;8039;0;31719;00:33:05;01:06:35;01:42:28;02:18:36
591948;158525;267;Göteborgsvarvet 2010;F;1963;SWE;UPPSALA;UPPSALA;FNS; 15:34:32;02:17:47;6525;0;27953;00:32:32;01:03:36;01:36:08;02:11:15
604493;260113;267;Göteborgsvarvet 2010;M;1968;SWE;NULL;NULL;FNS; 15:20:26;02:26:53;24043;0;32335;00:35:18;01:09:56;01:45:07;02:20:00
581547;138149;267;Göteborgsvarvet 2010;M;1985;SWE;VÄSTRA GÖTALAND;GÖTEBORG;FNS; 13:34:27;01:39:21;2269;0;2446;00:22:49;00:45:33;01:08:56;01:33:58
610128;115850;267;Göteborgsvarvet 2010;F;1984;SWE;VÄSTRA GÖTALAND;GÖTEBORG;FNS; 15:06:11;02:33:25;9232;0;34479;00:35:07;01:11:16;01:48:38;02:26:56
565214;247707;267;Göteborgsvarvet 2010;F;1956;SWE;VÄSTRA GÖTALAND;GÖTEBORG;FNS; 14:13:37;02:46:42;10422;0;36979;00:34:52;01:15:01;01:57:24;02:38:37
596294;257781;267;Göteborgsvarvet 2010;M;1975;NOR;NULL;NULL;FNS; 13:56:35;02:03:30;14546;0;17608;00:27:13;00:55:46;01:25:44;01:56:54
587732;187413;267;Göteborgsvarvet 2010;M;1964;SWE;VÄSTRA GÖTALAND;GÖTEBORG;FNS; 14:00:33;01:53:53;8579;0;9807;00:26:50;00:53:07;01:19:35;01:48:09
580416;252873;267;Göteborgsvarvet 2010;F;1983;FIN;NULL;NULL;FNS; 15:48:33;02:04:33;3312;0;18432;00:29:30;00:58:49;01:28:43;01:59:03
613129;111867;267;Göteborgsvarvet 2010;M;1975;SWE;VÄSTRA GÖTALAND;MÖLNDAL;FNS; 14:44:19;02:13:34;19723;0;25258;00:27:56;00:58:24;01:32:12;02:06:48
573096;50849;267;Göteborgsvarvet 2010;M;1978;SWE;VÄSTRA GÖTALAND;MÖLNDAL;FNS;;02:01:50;13641;0;16325;NULL;NULL;NULL;NULL
561645;245959;267;Göteborgsvarvet 2010;M;1801;DNK;NULL;NULL;FNS; 14:31:38;02:04:17;14978;0;18235;00:29:06;00:57:37;01:26:44;01:57:54
605320;180623;267;Göteborgsvarvet 2010;F;1964;SWE;VÄSTRA GÖTALAND;GÖTEBORG;FNS; 14:17:48;02:37:09;9652;0;35393;00:31:56;01:08:50;01:47:46;02:30:03
572678;38539;267;Göteborgsvarvet 2010;M;1992;SWE;VÄSTRA GÖTALAND;GÖTEBORG;FNS; 16:01:12;01:55:35;9628;0;11100;00:29:01;00:56:14;01:23:06;NULL
578727;252287;267;Göteborgsvarvet 2010;M;1963;SWE;SKÅNE;HÄSSLEHOLM;FNS; 15:47:36;02:40:37;26111;0;36090;00:36:39;01:16:27;01:55:58;02:33:47
616377;225022;267;Göteborgsvarvet 2010;M;1949;SWE;HALLAND;KUNGSBACKA;FNS; 14:44:28;02:18:43;21785;0;28507;00:29:51;01:00:39;01:35:09;02:11:46
576973;126262;267;Göteborgsvarvet 2010;M;1970;SWE;SKÅNE;KRISTIANSTAD;FNS; 15:54:55;02:21:13;22566;0;29845;00:27:49;00:58:56;01:33:16;02:13:05
586246;129160;267;Göteborgsvarvet 2010;M;1973;SWE;VÄSTRA GÖTALAND;GÖTEBORG;FNS; 13:51:42;01:55:23;9512;0;10949;00:24:08;00:50:11;01:21:35;01:49:47
560324;68783;267;Göteborgsvarvet 2010;M;1962;SWE;STOCKHOLM;STOCKHOLM;FNS; 13:55:57;02:37:08;25738;0;35382;00:34:09;01:11:06;01:50:03;02:29:48
574420;176240;267;Göteborgsvarvet 2010;F;1954;SWE;VÄSTRA GÖTALAND;STRÖMSTAD;FNS; 14:51:32;02:13:40;5556;0;25329;00:28:07;00:57:55;01:30:10;02:05:11
610752;235645;267;Göteborgsvarvet 2010;M;1977;SWE;ÖREBRO;ÖREBRO;FNS; 14:01:53;01:55:03;9301;0;10681;00:26:31;00:52:28;01:19:31;01:48:44
613822;18925;267;Göteborgsvarvet 2010;M;1969;SWE;VÄSTRA GÖTALAND;GÖTEBORG;FNS; 14:02:31;01:55:23;9515;0;10953;00:26:47;00:54:13;01:21:39;01:49:48
561437;245782;267;Göteborgsvarvet 2010;F;1801;DNK;NULL;NULL;FNS; 14:32:07;02:26:12;8174;0;32065;00:32:56;01:06:07;01:40:59;02:18:32
586194;69087;267;Göteborgsvarvet 2010;M;1966;SWE;VÄSTRA GÖTALAND;KUNGÄLV;FNS; 13:33:37;01:42:55;3338;0;3632;00:22:41;00:46:31;01:11:07;01:37:38
584278;236422;267;Göteborgsvarvet 2010;M;1963;SWE;VÄSTRA GÖTALAND;LIDKÖPING;FNS; 14:25:53;02:13:24;19639;0;25128;00:27:42;00:56:55;01:29:18;02:06:04
570487;178973;267;Göteborgsvarvet 2010;M;1949;SWE;NULL;NULL;FNS; 16:01:17;02:11:19;18663;0;23629;00:29:10;01:00:19;01:31:36;02:04:35
592411;256613;267;Göteborgsvarvet 2010;M;1947;SWE;VÄSTMANLAND;VÄSTERÅS;FNS; 14:51:26;02:19:47;22153;0;29128;00:30:09;01:01:28;01:36:07;02:12:33
605524;242361;267;Göteborgsvarvet 2010;M;1969;SWE;ÖSTERGÖTLAND;LINKÖPING;FNS; 15:19:42;02:16:14;20843;0;27016;00:29:15;00:59:58;01:34:01;02:08:59
608692;74402;267;Göteborgsvarvet 2010;M;1969;SWE;VÄSTRA GÖTALAND;GÖTEBORG;FNS; 13:33:33;01:36:18;1530;0;1639;00:21:10;00:42:37;01:05:32;01:30:54
556506;243735;267;Göteborgsvarvet 2010;M;1801;DNK;NULL;NULL;FNS; 14:30:26;02:03:13;14399;0;17409;00:26:50;00:57:03;01:27:19;01:57:39
583169;53258;267;Göteborgsvarvet 2010;M;1965;SWE;VÄSTRA GÖTALAND;MÖLNDAL;FNS; 15:50:56;02:07:12;16580;0;20557;00:25:43;00:57:39;01:31:01;02:01:22
612228;2052;267;Göteborgsvarvet 2010;M;1974;SWE;KRONOBERG;VÄXJÖ;FNS; 13:39:18;01:48:02;5472;0;6088;00:23:39;00:48:10;01:13:44;01:42:22
619747;37201;267;Göteborgsvarvet 2010;M;1981;SWE;VÄSTRA GÖTALAND;MÖLNDAL;FNS; 14:25:50;02:01:45;13597;0;16263;00:25:13;00:52:00;01:24:09;01:55:56
606627;47519;267;Göteborgsvarvet 2010;M;1980;SWE;STOCKHOLM;TÄBY;FNS; 13:52:06;01:52:11;7655;0;8663;00:25:17;00:50:59;01:17:40;01:46:39
608004;239980;267;Göteborgsvarvet 2010;F;1980;SWE;VÄSTRA GÖTALAND;GÖTEBORG;FNS; 15:12:41;02:05:14;3505;0;19033;00:29:14;00:58:54;01:29:05;01:59:00
610639;261495;267;Göteborgsvarvet 2010;M;1801;SWE;VÄSTRA GÖTALAND;TÖREBODA;FNS; 14:02:09;02:21:35;22667;0;30014;00:27:24;00:59:54;01:36:56;02:14:50
579788;224244;267;Göteborgsvarvet 2010;F;1978;GBR;NULL;NULL;FNS; 13:56:47;01:49:46;760;0;7144;00:27:15;00:52:48;01:19:13;01:45:00
613576;239753;267;Göteborgsvarvet 2010;M;1969;SWE;VÄSTRA GÖTALAND;GÖTEBORG;FNS; 14:01:52;02:03:41;14636;0;17751;00:26:51;00:55:10;01:26:20;01:57:18
616800;141015;267;Göteborgsvarvet 2010;M;1962;SWE;VÄSTRA GÖTALAND;GÖTEBORG;FNS; 13:50:49;02:00:16;12718;0;15056;00:26:07;00:52:58;01:22:17;01:53:59
597239;161581;267;Göteborgsvarvet 2010;M;1950;SWE;BLEKINGE;OLOFSTRÖM;FNS; 14:59:23;02:33:50;25325;0;34609;00:32:31;01:09:08;01:47:24;02:26:03
611343;141695;267;Göteborgsvarvet 2010;M;1962;SWE;VÄSTRA GÖTALAND;GÖTEBORG;FNS; 14:52:24;02:27:23;24165;0;32542;00:32:56;01:07:10;01:42:33;02:19:38
577527;152144;267;Göteborgsvarvet 2010;F;1985;SWE;VÄSTRA GÖTALAND;GÖTEBORG;FNS; 13:45:09;02:06:21;3773;0;19910;00:26:50;00:54:00;01:27:06;02:00:01
586434;254683;267;Göteborgsvarvet 2010;F;1972;SWE;STOCKHOLM;HUDDINGE;FNS; 15:41:22;02:02:50;2918;0;17100;00:28:37;00:56:29;01:26:06;01:56:37
589514;33572;267;Göteborgsvarvet 2010;M;1967;SWE;VÄSTRA GÖTALAND;GÖTEBORG;FNS; 15:40:47;02:09:08;17542;0;21964;00:28:12;00:57:55;01:30:39;02:02:38
606281;106445;267;Göteborgsvarvet 2010;F;1978;SWE;JÖNKÖPING;EKSJÖ;FNS; 13:51:02;01:49:52;772;0;7206;00:25:16;00:51:02;01:17:21;01:44:37
572132;62721;267;Göteborgsvarvet 2010;M;1971;SWE;VÄRMLAND;SÄFFLE;FNS; 14:24:48;02:00:17;12724;0;15064;00:26:48;00:53:29;01:22:40;01:54:16
560584;245350;267;Göteborgsvarvet 2010;M;1801;SWE;BLEKINGE;SÖLVESBORG;FNS; 13:45:08;02:26:05;23864;0;32018;00:30:56;01:02:56;01:38:43;02:17:54
568379;225515;267;Göteborgsvarvet 2010;M;1954;SWE;VÄSTRA GÖTALAND;GÖTEBORG;FNS; 14:26:04;03:26:47;27276;0;38412;00:42:24;01:30:09;02:20:55;03:15:08
594543;237724;267;Göteborgsvarvet 2010;M;1959;SWE;VÄSTRA GÖTALAND;BORÅS;FNS; 14:30:09;02:14:17;20064;0;25786;00:25:34;00:57:21;01:32:03;02:08:19
574934;250845;267;Göteborgsvarvet 2010;F;1991;SWE;VÄSTRA GÖTALAND;GÖTEBORG;FNS; 14:49:24;01:43:56;338;0;4053;00:23:06;00:46:04;01:10:54;01:37:51
560647;202719;267;Göteborgsvarvet 2010;M;1974;SWE;HALLAND;KUNGSBACKA;FNS; 13:44:38;01:45:12;4254;0;4655;00:22:48;00:46:21;01:11:58;01:40:05
619384;242057;267;Göteborgsvarvet 2010;M;1982;SWE;VÄSTRA GÖTALAND;GULLSPÅNG;FNS; 14:30:53;02:16:57;21131;0;27473;00:25:49;00:56:15;01:31:47;02:09:48
597829;71208;267;Göteborgsvarvet 2010;F;1966;SWE;HALLAND;HALMSTAD;FNS; 15:27:43;02:16:13;6170;0;27004;00:33:53;01:06:28;01:38:12;02:09:51
611618;109406;267;Göteborgsvarvet 2010;M;1971;SWE;VÄSTRA GÖTALAND;MARIESTAD;FNS; 14:27:29;01:53:10;8193;0;9322;00:26:45;00:53:25;01:20:04;01:47:41
594907;257341;267;Göteborgsvarvet 2010;F;1967;DEU;NULL;NULL;FNS; 15:33:58;02:03:30;3063;0;17610;00:28:40;00:56:51;01:26:28;01:57:25
587692;60138;267;Göteborgsvarvet 2010;M;1949;SWE;VÄSTRA GÖTALAND;ALE;FNS; 14:51:36;02:36:49;25707;0;35326;00:31:05;01:05:53;01:45:35;02:28:18
580414;55157;267;Göteborgsvarvet 2010;M;1968;SWE;VÄSTRA GÖTALAND;HÄRRYDA;FNS; 15:48:29;01:46:09;4679;0;5138;00:24:10;00:48:04;01:13:18;01:40:55
604079;35685;267;Göteborgsvarvet 2010;M;1979;SWE;VÄSTRA GÖTALAND;PARTILLE;FNS; 14:25:01;01:49:34;6274;0;7012;00:25:20;00:50:27;01:16:34;01:44:11
615873;58848;267;Göteborgsvarvet 2010;M;1972;SWE;SKÅNE;LUND;FNS; 13:33:19;01:31:28;717;0;765;00:21:04;00:43:04;01:04:52;01:26:55
583763;56709;267;Göteborgsvarvet 2010;M;1975;SWE;VÄSTRA GÖTALAND;TRANEMO;FNS; 13:33:48;01:34:35;1193;0;1270;00:20:57;00:42:30;01:05:44;01:29:47
593292;124168;267;Göteborgsvarvet 2010;F;1953;SWE;VÄSTRA GÖTALAND;GÖTEBORG;FNS; 14:17:46;02:27:14;8350;0;32475;00:32:02;01:06:06;01:44:02;02:20:08
597908;38471;267;Göteborgsvarvet 2010;F;1979;SWE;ÖSTERGÖTLAND;BOXHOLM;FNS; 14:51:27;02:10:51;4851;0;23286;00:28:46;00:59:15;01:30:44;02:03:57
610941;164591;267;Göteborgsvarvet 2010;M;1972;SWE;VÄSTRA GÖTALAND;GÖTEBORG;FNS; 15:00:11;02:32:07;25073;0;34144;00:31:37;01:09:18;01:45:52;02:24:26
595109;207775;267;Göteborgsvarvet 2010;M;1979;SWE;STOCKHOLM;STOCKHOLM;FNS; 13:51:20;01:59:17;12078;0;14197;00:25:53;00:51:56;01:22:02;01:53:01
609510;235839;267;Göteborgsvarvet 2010;M;1985;SWE;VÄSTRA GÖTALAND;GÖTEBORG;FNS; 13:40:11;01:49:39;6318;0;7068;00:24:42;00:49:36;01:15:55;01:44:05
576974;61954;267;Göteborgsvarvet 2010;M;1982;SWE;HALLAND;VARBERG;FNS; 14:25:42;01:59:30;12234;0;14407;00:27:59;00:55:43;01:22:44;01:53:00
593239;131595;267;Göteborgsvarvet 2010;M;1977;SWE;JÖNKÖPING;HABO;FNS; 14:32:01;02:11:55;18938;0;24066;00:28:45;00:58:38;01:31:11;02:05:55
578002;252047;267;Göteborgsvarvet 2010;M;1968;SWE;HALLAND;FALKENBERG;FNS; 15:54:55;02:15:42;20637;0;26682;00:31:56;01:02:08;01:33:49;02:08:16
589872;68971;267;Göteborgsvarvet 2010;M;1970;SWE;SKÅNE;HELSINGBORG;FNS; 14:25:10;01:47:09;5056;0;5598;00:25:29;00:50:12;01:15:06;01:41:42
590145;214412;267;Göteborgsvarvet 2010;F;1967;SWE;KALMAR;KALMAR;FNS; 15:41:48;02:15:03;5902;0;26282;00:33:27;01:05:32;01:37:20;02:08:57
572681;250078;267;Göteborgsvarvet 2010;F;1979;SWE;UPPSALA;UPPSALA;FNS; 16:01:01;01:54:09;1267;0;9994;00:27:27;00:53:56;01:21:22;01:48:45
615463;50796;267;Göteborgsvarvet 2010;M;1972;SWE;HALLAND;KUNGSBACKA;FNS; 14:01:18;01:54:56;9222;0;10581;00:25:43;00:52:08;01:20:47;01:49:20
592637;129986;267;Göteborgsvarvet 2010;M;1964;SWE;VÄSTRA GÖTALAND;MÖLNDAL;FNS; 13:30:22;01:29:25;516;0;552;00:20:15;00:40:43;01:01:58;01:24:44
605557;109394;267;Göteborgsvarvet 2010;F;1965;SWE;NULL;NULL;FNS; 14:01:04;01:57:26;1756;0;12596;00:25:07;00:52:01;01:21:19;01:51:33
608116;110803;267;Göteborgsvarvet 2010;F;1970;SWE;VÄSTRA GÖTALAND;ULRICEHAMN;FNS; 15:00:27;02:09:14;4450;0;22052;00:31:03;00:59:51;01:31:15;02:03:16
582320;18175;267;Göteborgsvarvet 2010;M;1968;SWE;SKÅNE;HELSINGBORG;FNS; 13:30:19;01:24:30;214;0;229;00:19:33;00:39:11;00:59:43;01:20:30
578605;162774;267;Göteborgsvarvet 2010;M;1988;SWE;VÄSTRA GÖTALAND;GÖTEBORG;FNS; 13:30:12;01:27:10;337;0;358;00:18:56;00:38:47;01:00:38;01:23:08
575357;241271;267;Göteborgsvarvet 2010;M;1987;SWE;SKÅNE;KÄVLINGE;FNS; 15:55:24;01:57:20;10769;0;12502;00:27:17;00:53:47;01:22:02;01:51:38
570987;249410;267;Göteborgsvarvet 2010;M;1962;SWE;STOCKHOLM;NACKA;FNS; 14:02:18;01:52:13;7675;0;8691;00:25:46;00:52:30;01:18:50;01:46:35
619077;59525;267;Göteborgsvarvet 2010;M;1954;SWE;VÄSTRA GÖTALAND;FÄRGELANDA;FNS; 14:25:22;02:03:52;14747;0;17908;00:28:46;00:57:36;01:26:56;01:57:32
596381;257817;267;Göteborgsvarvet 2010;M;1968;NOR;NULL;NULL;FNS; 15:27:26;01:52:43;7930;0;9002;00:25:58;00:52:10;01:18:56;01:47:09
597650;48040;267;Göteborgsvarvet 2010;F;1974;SWE;VÄSTRA GÖTALAND;ALINGSÅS;FNS; 15:27:51;02:05:14;3507;0;19040;00:29:47;00:58:53;01:28:14;01:58:54
607443;101537;267;Göteborgsvarvet 2010;M;1973;SWE;VÄSTRA GÖTALAND;GÖTEBORG;FNS; 13:33:23;01:31:03;676;0;721;00:20:36;00:41:23;01:03:08;01:26:11
616418;192733;267;Göteborgsvarvet 2010;M;1971;SWE;SKÅNE;KRISTIANSTAD;FNS; 13:39:33;01:38:09;1951;0;2101;00:22:23;00:44:59;01:08:34;01:33:07
609903;177634;267;Göteborgsvarvet 2010;M;1970;SWE;VÄSTRA GÖTALAND;TROLLHÄTTAN;FNS; 14:17:45;02:21:32;22649;0;29978;00:30:24;01:03:38;01:38:43;02:14:38
571698;249660;267;Göteborgsvarvet 2010;M;1969;SWE;SÖDERMANLAND;NYKÖPING;FNS; 13:41:29;01:56:10;10012;0;11560;00:25:31;00:51:24;01:18:25;01:49:38
955172;345332;267;Göteborgsvarvet 2010;M;1985;SWE;SKÅNE;ÄNGELHOLM;FNS; 15:40:47;02:25:50;23811;0;31937;00:28:02;01:00:24;01:36:19;02:17:58
614877;170851;267;Göteborgsvarvet 2010;M;1960;SWE;JÖNKÖPING;JÖNKÖPING;FNS; 13:53:01;01:57:39;10998;0;12796;00:24:00;00:49:38;01:18:20;01:50:16
584881;71422;267;Göteborgsvarvet 2010;M;1984;SWE;KRONOBERG;VÄXJÖ;FNS; 14:25:00;02:28:46;24453;0;33062;00:26:47;00:55:31;01:43:32;02:22:18
584215;210598;267;Göteborgsvarvet 2010;M;1980;SWE;VÄSTRA GÖTALAND;SKÖVDE;FNS; 13:51:01;01:44:06;3790;0;4136;00:22:35;00:45:58;01:10:56;01:38:38
596366;215741;267;Göteborgsvarvet 2010;M;1977;SWE;ÖSTERGÖTLAND;LINKÖPING;FNS; 15:27:33;01:59:39;12352;0;14557;00:27:59;00:55:40;01:24:23;01:53:47
599426;5565;267;Göteborgsvarvet 2010;M;1978;SWE;SKÅNE;HELSINGBORG;FNS; 13:33:51;01:37:49;1880;0;2021;00:20:44;00:44:09;01:07:34;01:32:34
604895;5933;267;Göteborgsvarvet 2010;M;1985;SWE;VÄSTRA GÖTALAND;GÖTEBORG;FNS; 13:51:35;01:41:41;2946;0;3205;00:23:26;00:46:59;01:11:46;01:36:40
595642;9611;267;Göteborgsvarvet 2010;M;1966;SWE;HALLAND;HALMSTAD;FNS; 15:26:59;02:13:03;19482;0;24880;00:29:28;01:00:29;01:33:55;02:07:37
577383;180415;267;Göteborgsvarvet 2010;M;1955;SWE;NULL;NULL;FNS; 13:56:52;02:35:05;25489;0;34921;00:32:40;01:08:40;01:46:24;02:27:20
561583;245899;267;Göteborgsvarvet 2010;M;1801;DNK;NULL;NULL;FNS; 14:26:15;01:56:40;10326;0;11941;00:27:24;00:54:51;01:22:20;01:50:32
596208;120153;267;Göteborgsvarvet 2010;F;1936;SWE;VÄSTRA GÖTALAND;GÖTEBORG;FNS; 13:50:24;03:40:07;11155;0;38453;00:45:00;01:37:01;02:32:27;03:28:46
618096;74282;267;Göteborgsvarvet 2010;F;1964;SWE;VÄSTRA GÖTALAND;GÖTEBORG;FNS; 13:51:09;01:46:39;493;0;5356;00:24:13;00:48:53;01:14:32;01:41:09
605137;213372;267;Göteborgsvarvet 2010;M;1950;SWE;VÄSTRA GÖTALAND;PARTILLE;FNS; 14:17:32;02:12:47;19338;0;24677;00:28:11;00:58:56;01:31:20;02:06:10
568480;149871;267;Göteborgsvarvet 2010;M;1962;SWE;VÄSTRA GÖTALAND;GÖTEBORG;FNS; 13:56:53;02:11:58;18960;0;24099;00:30:48;01:00:22;01:31:29;02:05:12
616328;48307;267;Göteborgsvarvet 2010;M;1954;SWE;JÖNKÖPING;NÄSSJÖ;FNS; 13:50:39;01:43:23;3509;0;3822;00:23:15;00:46:50;01:12:22;01:38:05
567784;22965;267;Göteborgsvarvet 2010;M;1973;SWE;VÄSTRA GÖTALAND;GÖTEBORG;FNS; 13:51:54;01:58:09;11301;0;13213;00:24:45;00:49:59;01:24:53;01:53:02
619949;48477;267;Göteborgsvarvet 2010;M;1975;SWE;VÄSTRA GÖTALAND;ALINGSÅS;FNS; 13:39:44;01:32:40;868;0;925;00:22:25;00:44:22;01:06:46;01:28:34
593878;237551;267;Göteborgsvarvet 2010;F;1968;SWE;VÄSTRA GÖTALAND;GÖTEBORG;FNS; 14:17:41;02:15:44;6050;0;26704;00:29:56;01:00:59;01:34:27;02:08:41
604454;171780;267;Göteborgsvarvet 2010;F;1990;SWE;VÄSTRA GÖTALAND;VÅRGÅRDA;FNS; 15:20:05;02:26:47;8273;0;32290;00:31:50;01:06:34;01:43:19;02:20:03
581440;253231;267;Göteborgsvarvet 2010;M;1991;SWE;NULL;NULL;FNS; 14:51:12;02:33:55;25333;0;34627;00:30:45;01:06:24;01:44:56;02:26:25
574166;91358;267;Göteborgsvarvet 2010;M;1979;SWE;VÄSTRA GÖTALAND;BORÅS;FNS; 15:54:48;01:46:19;4743;0;5211;00:25:01;00:50:27;01:15:54;01:41:17
587039;240704;267;Göteborgsvarvet 2010;F;1960;SWE;ÖSTERGÖTLAND;FINSPÅNG;FNS; 15:05:46;02:43:27;10203;0;36542;00:36:09;01:13:22;01:52:52;02:35:48
619053;263016;267;Göteborgsvarvet 2010;M;1986;SWE;VÄSTRA GÖTALAND;GÖTEBORG;FNS; 14:01:09;01:51:23;7224;0;8155;00:25:28;00:50:45;01:17:30;01:45:35
590697;170967;267;Göteborgsvarvet 2010;F;1945;SWE;STOCKHOLM;SOLNA;FNS; 14:59:32;02:44:14;10254;0;36642;00:34:54;01:17:08;01:56:31;02:36:23
601137;198113;267;Göteborgsvarvet 2010;F;1983;SWE;STOCKHOLM;NACKA;FNS; 15:19:33;02:22:47;7566;0;30552;00:33:16;01:07:15;01:41:06;02:15:37
597672;40175;267;Göteborgsvarvet 2010;M;1985;SWE;SÖDERMANLAND;ESKILSTUNA;FNS; 14:01:39;02:10:57;18494;0;23365;00:26:47;00:56:13;01:29:35;02:04:53
614081;66761;267;Göteborgsvarvet 2010;M;1937;SWE;VÄSTRA GÖTALAND;GÖTEBORG;FNS; 14:24:44;02:08:50;17400;0;21770;00:27:03;00:55:33;01:27:12;02:01:50
618116;262850;267;Göteborgsvarvet 2010;M;1978;SWE;VÄSTRA GÖTALAND;GÖTEBORG;FNS; 14:00:42;01:45:37;4447;0;4879;00:24:50;00:49:04;01:14:42;01:40:29
576418;251413;267;Göteborgsvarvet 2010;M;1950;SWE;SKÅNE;YSTAD;FNS; 15:07:37;03:04:33;27112;0;38100;00:40:10;01:23:10;02:06:24;02:56:01
588163;162620;267;Göteborgsvarvet 2010;F;1981;SWE;KALMAR;KALMAR;FNS; 15:40:44;01:58:23;1943;0;13432;00:28:34;00:55:56;01:23:58;01:52:31
583785;59722;267;Göteborgsvarvet 2010;M;1974;SWE;VÄSTRA GÖTALAND;GÖTEBORG;FNS; 13:51:18;01:40:04;2490;0;2691;00:23:38;00:46:20;01:09:53;01:34:55
614073;232588;267;Göteborgsvarvet 2010;M;1954;SWE;VÄSTRA GÖTALAND;TJÖRN;FNS; 14:01:19;01:55:49;9789;0;11299;00:26:42;00:53:50;01:22:07;01:50:39
595482;257520;267;Göteborgsvarvet 2010;M;1980;SWE;UPPSALA;UPPSALA;FNS; 15:26:42;02:04:24;15034;0;18317;00:28:55;00:58:20;01:28:05;01:58:21
614257;63392;267;Göteborgsvarvet 2010;M;1955;SWE;VÄSTRA GÖTALAND;GÖTEBORG;FNS; 14:13:24;02:11:15;18636;0;23586;00:27:16;00:55:48;01:28:11;02:04:48
559862;21424;267;Göteborgsvarvet 2010;F;1977;SWE;VÄSTRA GÖTALAND;TÖREBODA;FNS; 14:17:25;02:18:44;6729;0;28529;00:29:57;01:02:33;01:36:08;02:11:23
580517;252914;267;Göteborgsvarvet 2010;M;1972;CHE;NULL;NULL;FNS; 13:33:37;01:31:57;775;0;824;00:21:28;00:42:47;01:04:34;01:27:24
599064;242016;267;Göteborgsvarvet 2010;M;1969;SWE;HALLAND;HALMSTAD;FNS; 15:27:27;02:21:11;22558;0;29827;00:31:30;01:03:27;01:37:42;02:14:04
575825;164552;267;Göteborgsvarvet 2010;M;1980;SWE;NULL;NULL;FNS; 15:54:16;01:44:27;3937;0;4299;00:22:58;00:47:08;01:12:39;01:39:07
575354;220469;267;Göteborgsvarvet 2010;M;1980;SWE;SKÅNE;HELSINGBORG;FNS; 15:55:06;01:51:35;7340;0;8293;00:24:27;00:50:43;01:19:01;01:46:32
605308;140987;267;Göteborgsvarvet 2010;M;1968;SWE;STOCKHOLM;STOCKHOLM;FNS; 15:20:50;02:24:53;23567;0;31523;00:32:06;01:03:42;01:40:52;02:16:28
615242;192695;267;Göteborgsvarvet 2010;M;1976;SWE;VÄSTRA GÖTALAND;KARLSBORG;FNS; 14:39:09;02:09:47;17894;0;22478;00:27:01;00:55:09;01:29:29;02:03:56
571632;211952;267;Göteborgsvarvet 2010;M;1982;SWE;VÄSTRA GÖTALAND;GÖTEBORG;FNS; 13:50:26;01:43:56;3713;0;4050;00:22:36;00:45:29;01:09:54;01:37:51
568306;92311;267;Göteborgsvarvet 2010;M;1972;SWE;VÄSTRA GÖTALAND;GÖTEBORG;FNS; 14:13:37;02:04:21;15016;0;18291;00:25:42;00:53:17;01:24:12;01:57:39
598080;60334;267;Göteborgsvarvet 2010;F;1966;SWE;SKÅNE;ÅSTORP;FNS; 15:27:32;02:42:29;10130;0;36390;00:36:01;01:13:05;01:51:49;02:34:03
575125;250918;267;Göteborgsvarvet 2010;F;1974;NLD;NULL;NULL;FNS; 15:54:25;01:58:27;1959;0;13492;00:26:27;00:54:18;01:23:19;01:52:44
609640;192143;267;Göteborgsvarvet 2010;M;1958;SWE;SKÅNE;MALMÖ;FNS; 14:44:31;02:24:00;23293;0;31084;00:30:40;01:03:15;01:38:57;02:16:23
580650;252960;267;Göteborgsvarvet 2010;F;1983;GBR;NULL;NULL;FNS; 15:48:45;02:17:08;6382;0;27565;00:30:18;01:00:34;01:34:50;02:10:19
571306;5644;267;Göteborgsvarvet 2010;F;1967;SWE;VÄSTRA GÖTALAND;GÖTEBORG;FNS; 16:00:21;02:02:03;2732;0;16485;00:25:33;00:53:20;01:23:47;01:55:16
599750;155065;267;Göteborgsvarvet 2010;F;1987;SWE;VÄSTRA GÖTALAND;GÖTEBORG;FNS; 14:52:41;02:34:04;9314;0;34667;00:33:50;01:08:46;01:45:55;NULL
583730;103294;267;Göteborgsvarvet 2010;M;1966;SWE;JÖNKÖPING;JÖNKÖPING;FNS; 14:39:31;02:20:25;22333;0;29459;00:29:09;00:59:52;01:33:59;02:12:35
561880;246148;267;Göteborgsvarvet 2010;M;1801;DNK;NULL;NULL;FNS; 14:30:27;01:36:23;1554;0;1665;00:21:04;00:42:49;01:06:21;01:31:19
583903;166085;267;Göteborgsvarvet 2010;M;1943;SWE;VÄSTRA GÖTALAND;GÖTEBORG;FNS; 14:30:45;02:15:03;20378;0;26278;00:29:17;01:00:00;01:32:54;02:07:51
582447;253556;267;Göteborgsvarvet 2010;M;1963;SWE;HALLAND;KUNGSBACKA;FNS; 14:31:17;02:04:05;14870;0;18081;00:28:00;00:56:48;01:26:52;01:57:47
580496;166182;267;Göteborgsvarvet 2010;M;1990;SWE;VÄSTERBOTTEN;UMEÅ;FNS; 14:59:55;02:39:15;25986;0;35853;00:34:26;01:11:29;01:48:14;02:31:01
615332;65065;267;Göteborgsvarvet 2010;M;1977;SWE;STOCKHOLM;HUDDINGE;FNS; 13:34:25;01:39:47;2400;0;2590;00:22:35;00:45:59;01:10:20;01:35:00
578830;193388;267;Göteborgsvarvet 2010;M;1969;SWE;HALLAND;KUNGSBACKA;FNS; 14:01:06;01:48:40;5779;0;6447;00:24:12;00:49:06;01:14:39;01:42:27
590283;63369;267;Göteborgsvarvet 2010;F;1960;SWE;VÄSTRA GÖTALAND;ALINGSÅS;FNS; 14:24:56;02:19:32;6922;0;28989;00:28:36;00:59:33;01:33:44;NULL
588245;255237;267;Göteborgsvarvet 2010;F;1965;SWE;VÄSTRA GÖTALAND;TIBRO;FNS; 15:41:03;02:40:54;10007;0;36142;00:34:47;01:11:39;01:51:19;02:32:44
570055;249040;267;Göteborgsvarvet 2010;M;1801;SWE;VÄSTRA GÖTALAND;GÖTEBORG;FNS; 16:00:38;02:24:54;23572;0;31528;00:28:51;01:00:04;01:37:29;02:17:25
619932;52828;267;Göteborgsvarvet 2010;M;1962;SWE;VÄSTRA GÖTALAND;LIDKÖPING;FNS; 14:12:39;01:59:09;11968;0;14061;00:25:16;00:51:45;01:20:33;01:52:44
616623;185429;267;Göteborgsvarvet 2010;M;1971;SWE;VÄSTRA GÖTALAND;GULLSPÅNG;FNS; 14:01:08;02:01:33;13494;0;16126;00:24:25;00:49:07;01:18:04;01:55:35
578147;8535;267;Göteborgsvarvet 2010;F;1977;SWE;VÄSTRA GÖTALAND;VÄNERSBORG;FNS; 15:47:33;02:16:46;6299;0;27363;00:29:14;01:00:09;01:32:57;02:09:33
591685;128884;267;Göteborgsvarvet 2010;F;1975;SWE;VÄSTRA GÖTALAND;MÖLNDAL;FNS; 13:41:01;01:38:39;165;0;2242;00:22:34;00:45:14;01:09:14;01:33:35
589539;255640;267;Göteborgsvarvet 2010;M;1960;SWE;STOCKHOLM;STOCKHOLM;FNS; 15:41:05;02:09:48;17899;0;22485;00:29:07;00:58:32;01:28:58;02:02:26
584600;239650;267;Göteborgsvarvet 2010;F;1984;SWE;VÄSTRA GÖTALAND;GÖTEBORG;FNS; 15:48:41;02:15:30;5999;0;26560;00:31:57;01:03:05;01:35:10;02:08:29
572130;192261;267;Göteborgsvarvet 2010;M;1982;SWE;SÖDERMANLAND;FLEN;FNS; 16:00:21;01:48:04;5489;0;6107;00:23:20;00:48:36;01:16:09;01:42:51
620915;69440;267;Göteborgsvarvet 2010;M;1968;SWE;VÄSTRA GÖTALAND;GÖTEBORG;FNS; 13:39:51;01:45:22;4326;0;4740;00:23:48;00:47:42;01:12:49;01:39:38
601195;259190;267;Göteborgsvarvet 2010;M;1984;SWE;VÄSTRA GÖTALAND;GÖTEBORG;FNS; 15:13:17;02:08:20;17170;0;21404;00:26:24;00:53:20;01:24:29;02:01:12
578406;72486;267;Göteborgsvarvet 2010;M;1955;SWE;NORRBOTTEN;BODEN;FNS; 13:45:09;02:52:35;26813;0;37499;00:35:27;01:16:36;02:00:32;02:44:38
607403;22159;267;Göteborgsvarvet 2010;F;1962;SWE;VÄSTRA GÖTALAND;LERUM;FNS; 15:13:55;02:27:36;8413;0;32627;00:34:17;01:09:08;01:44:45;02:20:27
602658;61465;267;Göteborgsvarvet 2010;F;1987;SWE;KRONOBERG;VÄXJÖ;FNS; 14:52:00;02:08:44;4337;0;21685;00:28:23;00:57:48;01:29:10;02:01:56
604380;137649;267;Göteborgsvarvet 2010;M;1953;SWE;VÄSTRA GÖTALAND;MARK;FNS; 14:13:49;02:07:11;16570;0;20532;00:26:46;00:54:31;01:27:17;02:00:51
603319;160649;267;Göteborgsvarvet 2010;M;1983;SWE;HALLAND;FALKENBERG;FNS; 15:19:52;01:46:08;4669;0;5128;00:24:07;00:48:59;01:14:22;01:40:45
572481;177436;267;Göteborgsvarvet 2010;F;1977;SWE;JÖNKÖPING;JÖNKÖPING;FNS; 16:00:29;02:16:56;6339;0;27463;00:31:18;01:03:05;01:35:55;02:09:35
560561;35870;267;Göteborgsvarvet 2010;M;1980;SWE;VÄSTRA GÖTALAND;TANUM;FNS; 13:44:29;02:06:56;16458;0;20350;00:24:40;00:51:09;01:24:49;02:00:52
586575;171633;267;Göteborgsvarvet 2010;M;1973;SWE;KALMAR;KALMAR;FNS; 14:01:51;02:12:16;19103;0;24327;00:27:12;00:57:25;01:30:57;02:05:03
616133;242313;267;Göteborgsvarvet 2010;F;1975;SWE;STOCKHOLM;STOCKHOLM;FNS; 14:13:20;01:52:44;1076;0;9020;00:25:47;00:51:26;01:18:26;01:46:54
612556;261835;267;Göteborgsvarvet 2010;M;1972;SWE;ÖSTERGÖTLAND;NORRKÖPING;FNS; 14:51:21;02:37:49;25826;0;35555;00:32:56;01:09:54;01:48:35;02:30:14
611887;261693;267;Göteborgsvarvet 2010;F;1975;SWE;STOCKHOLM;HUDDINGE;FNS; 13:30:26;01:52:19;1026;0;8751;00:25:04;00:51:42;01:18:44;01:46:28
584203;160505;267;Göteborgsvarvet 2010;M;1951;SWE;ÖSTERGÖTLAND;NORRKÖPING;FNS; 13:33:32;01:48:18;5600;0;6240;00:24:23;00:49:43;01:15:40;01:42:48
599455;258718;267;Göteborgsvarvet 2010;M;1977;SWE;VÄSTRA GÖTALAND;GÖTEBORG;FNS; 15:26:51;01:48:50;5864;0;6541;00:25:13;00:50:38;01:16:16;01:43:09
620024;105445;267;Göteborgsvarvet 2010;F;1965;SWE;ÖSTERGÖTLAND;NORRKÖPING;FNS; 14:45:46;02:13:15;5449;0;25031;00:30:21;01:01:56;01:34:52;02:06:39
599975;101754;267;Göteborgsvarvet 2010;F;1965;SWE;KRONOBERG;VÄXJÖ;FNS; 15:20:17;02:20:00;7027;0;29244;00:30:39;01:02:40;01:36:22;02:12:29
606245;58929;267;Göteborgsvarvet 2010;F;1974;SWE;VÄSTRA GÖTALAND;MARK;FNS; 14:01:56;01:53:14;1144;0;9368;00:26:38;00:52:56;01:19:18;01:47:30
594400;257148;267;Göteborgsvarvet 2010;F;1984;SWE;SKÅNE;LUND;FNS; 14:24:50;02:00:41;2430;0;15405;00:27:03;00:54:35;01:23:38;01:54:29
581055;97650;267;Göteborgsvarvet 2010;M;1963;SWE;ÖREBRO;ÖREBRO;FNS; 13:30:18;01:23:59;197;0;211;00:19:43;00:39:27;00:59:29;01:19:55
574341;250639;267;Göteborgsvarvet 2010;M;1989;NOR;NULL;NULL;FNS; 15:55:17;02:44:42;26425;0;36717;00:35:42;01:13:54;01:50:38;02:36:00
592034;238386;267;Göteborgsvarvet 2010;M;1966;SWE;ÖREBRO;KARLSKOGA;FNS; 15:12:17;02:23:36;23197;0;30913;00:28:53;01:01:09;01:36:39;02:16:51
577855;2731;267;Göteborgsvarvet 2010;F;1973;SWE;VÄSTRA GÖTALAND;SKÖVDE;FNS; 15:55:34;01:58:59;2064;0;13941;00:27:36;00:54:26;01:22:40;01:53:04
588256;43420;267;Göteborgsvarvet 2010;M;1979;SWE;VÄSTRA GÖTALAND;HÄRRYDA;FNS; 14:37:43;02:18:05;21549;0;28135;00:27:35;00:57:06;01:33:36;02:10:47
589555;255644;267;Göteborgsvarvet 2010;M;1983;SWE;VÄSTRA GÖTALAND;STENUNGSUND;FNS; 13:33:48;01:40:22;2572;0;2780;00:21:50;00:44:28;01:08:44;01:35:00
619356;191076;267;Göteborgsvarvet 2010;M;1963;SWE;VÄSTRA GÖTALAND;MARIESTAD;FNS; 14:58:53;02:08:07;17053;0;21245;00:30:02;00:59:51;01:30:28;02:01:55
616447;184816;267;Göteborgsvarvet 2010;M;1974;SWE;VÄSTRA GÖTALAND;TIBRO;FNS; 15:06:48;02:36:25;25666;0;35250;00:34:21;01:09:41;01:46:25;02:27:37
580893;182492;267;Göteborgsvarvet 2010;M;1990;SWE;SKÅNE;LUND;FNS; 14:12:19;01:48:00;5455;0;6066;00:23:51;00:48:51;01:15:13;01:42:43
619073;54510;267;Göteborgsvarvet 2010;F;1956;SWE;VÄSTRA GÖTALAND;GÖTEBORG;FNS; 15:07:46;03:00:44;10912;0;37962;00:39:43;01:22:55;02:07:35;02:52:30
604074;240542;267;Göteborgsvarvet 2010;M;1986;SWE;ÖSTERGÖTLAND;LINKÖPING;FNS; 15:20:27;03:06:40;27147;0;38170;00:35:46;01:20:06;02:06:28;02:55:46
617191;206407;267;Göteborgsvarvet 2010;M;1956;SWE;VÄSTRA GÖTALAND;SKÖVDE;FNS; 13:52:05;02:05:20;15581;0;19108;00:26:38;00:54:37;01:24:32;01:58:12
580991;97210;267;Göteborgsvarvet 2010;F;1984;SWE;VÄSTRA GÖTALAND;GÖTEBORG;FNS; 15:47:41;01:55:02;1379;0;10676;00:26:59;00:53:40;01:21:38;01:49:32
574461;122739;267;Göteborgsvarvet 2010;M;1973;SWE;VÄSTRA GÖTALAND;MÖLNDAL;FNS; 15:06:42;02:39:38;26018;0;35915;00:32:48;01:09:51;01:49:38;02:31:53
583399;106832;267;Göteborgsvarvet 2010;M;1987;SWE;VÄSTRA GÖTALAND;UDDEVALLA;FNS; 15:00:08;02:37:18;25756;0;35426;00:35:18;01:10:05;01:47:03;02:29:17
618774;54281;267;Göteborgsvarvet 2010;M;1961;SWE;VÄSTRA GÖTALAND;LYSEKIL;FNS; 14:01:40;01:58:05;11264;0;13155;00:26:06;00:52:58;01:21:30;01:51:53
561254;245687;267;Göteborgsvarvet 2010;M;1969;DNK;NULL;NULL;FNS; 13:55:54;02:05:49;15854;0;19510;00:27:54;00:55:16;01:25:52;01:58:35
608183;261025;267;Göteborgsvarvet 2010;M;1970;SWE;JÖNKÖPING;JÖNKÖPING;FNS; 13:51:42;02:12:23;19162;0;24409;00:26:47;00:54:59;01:29:01;02:05:27
578905;252356;267;Göteborgsvarvet 2010;F;1984;SWE;VÄSTRA GÖTALAND;GÖTEBORG;FNS; 15:48:52;02:37:57;9738;0;35587;00:34:39;01:11:38;01:50:01;02:29:49
582643;253617;267;Göteborgsvarvet 2010;M;1948;SWE;SKÅNE;HÖRBY;FNS; 14:01:35;02:01:02;13186;0;15698;00:26:22;00:53:32;01:22:47;01:54:09
593886;166446;267;Göteborgsvarvet 2010;M;1966;SWE;ÖSTERGÖTLAND;LINKÖPING;FNS; 15:33:15;01:48:53;5900;0;6580;00:24:53;00:50:50;01:16:54;01:43:25
610830;261528;267;Göteborgsvarvet 2010;M;1801;SWE;STOCKHOLM;STOCKHOLM;FNS; 14:51:20;02:21:44;22726;0;30101;00:31:27;01:04:31;01:38:04;02:14:15
598955;105846;267;Göteborgsvarvet 2010;M;1979;SWE;HALLAND;FALKENBERG;FNS; 14:37:49;01:52:09;7635;0;8638;00:25:28;00:51:06;01:17:57;01:46:14
607285;221640;267;Göteborgsvarvet 2010;M;1966;SWE;VÄSTRA GÖTALAND;GÖTEBORG;FNS; 13:30:22;01:43:21;3500;0;3813;00:20:58;00:42:26;01:07:34;01:37:55
585223;36200;267;Göteborgsvarvet 2010;M;1986;SWE;VÄSTRA GÖTALAND;GÖTEBORG;FNS; 14:01:44;02:06:53;16433;0;20313;00:26:23;00:53:09;01:23:18;01:59:30
599273;87957;267;Göteborgsvarvet 2010;M;1977;SWE;ÖSTERGÖTLAND;NORRKÖPING;FNS; 15:00:22;02:36:20;25652;0;35230;00:32:58;01:09:36;01:47:17;02:28:01
555996;50279;267;Göteborgsvarvet 2010;M;1963;SWE;VÄSTRA GÖTALAND;BORÅS;FNS; 13:50:27;01:53:14;8230;0;9375;00:24:35;00:51:07;01:19:16;01:47:27
605442;241675;267;Göteborgsvarvet 2010;M;1979;SWE;VÄSTRA GÖTALAND;KUNGÄLV;FNS; 15:20:12;02:16:15;20849;0;27026;00:31:17;01:02:58;01:35:02;02:08:53
603215;84814;267;Göteborgsvarvet 2010;M;1963;SWE;JÖNKÖPING;MULLSJÖ;FNS; 14:12:25;01:59:17;12076;0;14195;00:24:46;00:51:20;01:20:29;01:53:21
617732;58840;267;Göteborgsvarvet 2010;M;1969;SWE;SKÅNE;LANDSKRONA;FNS; 14:46:07;02:26:12;23891;0;32064;00:29:15;01:03:17;01:40:37;02:19:06
574857;55088;267;Göteborgsvarvet 2010;M;1968;SWE;HALLAND;KUNGSBACKA;FNS; 15:55:35;02:08:10;17078;0;21281;00:28:01;00:57:25;01:28:57;02:01:19
572155;214622;267;Göteborgsvarvet 2010;F;1987;SWE;VÄSTRA GÖTALAND;GÖTEBORG;FNS; 16:00:47;02:47:37;10469;0;37062;00:37:02;01:15:30;01:55:39;02:38:42
584325;97084;267;Göteborgsvarvet 2010;M;1960;SWE;VÄSTRA GÖTALAND;HJO;FNS; 14:51:52;02:22:26;22892;0;30397;00:30:06;01:03:43;01:39:07;02:15:08
603123;158243;267;Göteborgsvarvet 2010;F;1975;SWE;VÄSTRA GÖTALAND;GÖTEBORG;FNS; 15:19:23;02:12:21;5242;0;24396;00:27:57;00:58:09;01:30:47;02:05:41
618707;75779;267;Göteborgsvarvet 2010;M;1960;SWE;VÄSTRA GÖTALAND;PARTILLE;FNS; 14:44:45;02:10:27;18246;0;22985;00:29:42;00:59:52;01:31:12;02:04:08
596694;94880;267;Göteborgsvarvet 2010;F;1969;SWE;NULL;NULL;FNS; 15:27:11;02:12:43;5322;0;24630;00:31:33;01:02:47;01:34:05;02:06:24
594988;1340;267;Göteborgsvarvet 2010;M;1980;SWE;VÄSTRA GÖTALAND;HÄRRYDA;FNS; 15:27:42;02:12:38;19279;0;24582;00:28:41;00:59:40;01:32:23;02:06:01
587102;133543;267;Göteborgsvarvet 2010;M;1986;SWE;VÄSTRA GÖTALAND;LIDKÖPING;FNS; 15:41:43;01:57:21;10788;0;12524;00:30:02;00:59:38;01:27:28;NULL
588627;255357;267;Göteborgsvarvet 2010;M;1949;NOR;NULL;NULL;FNS; 14:59:09;02:37:17;25752;0;35419;00:33:44;01:09:53;01:50:16;02:28:51
580799;183682;267;Göteborgsvarvet 2010;M;1973;SWE;HALLAND;VARBERG;FNS; 15:07:21;02:38:53;25935;0;35764;00:34:37;01:08:50;01:50:19;02:31:03
610010;212266;267;Göteborgsvarvet 2010;M;1970;SWE;JÖNKÖPING;JÖNKÖPING;FNS; 14:46:06;02:08:59;17469;0;21865;00:30:29;01:01:30;01:31:52;02:02:56
583087;66469;267;Göteborgsvarvet 2010;M;1966;SWE;NULL;NULL;FNS; 13:39:24;02:17:51;21453;0;27987;00:27:10;01:01:36;01:36:51;02:11:50
593456;233669;267;Göteborgsvarvet 2010;M;1986;SWE;STOCKHOLM;VÄRMDÖ;FNS; 13:33:54;01:41:09;2782;0;3019;00:22:52;00:46:30;01:10:29;01:35:41
613830;67511;267;Göteborgsvarvet 2010;M;1953;SWE;SKÅNE;LOMMA;FNS; 14:38:56;02:14:07;19981;0;25657;00:28:24;00:59:06;01:32:46;02:07:27
602117;157631;267;Göteborgsvarvet 2010;M;1980;SWE;JÖNKÖPING;JÖNKÖPING;FNS; 15:20:41;02:12:18;19123;0;24353;00:30:13;00:58:59;01:30:07;02:04:47
608751;165249;267;Göteborgsvarvet 2010;F;1962;SWE;VÄSTRA GÖTALAND;GÖTEBORG;FNS; 14:52:15;02:20:00;7025;0;29242;00:31:06;01:03:49;01:37:03;02:12:39
563731;149659;267;Göteborgsvarvet 2010;M;1972;SWE;HALLAND;KUNGSBACKA;FNS; 13:44:24;02:17:00;21148;0;27502;00:27:55;00:57:26;01:29:09;02:10:32
603779;220986;267;Göteborgsvarvet 2010;M;1961;SWE;VÄSTRA GÖTALAND;GÖTEBORG;FNS; 14:45:13;02:02:00;13732;0;16455;00:27:22;00:55:02;01:24:48;01:55:57
586718;110067;267;Göteborgsvarvet 2010;F;1960;SWE;VÄSTRA GÖTALAND;KUNGÄLV;FNS; 14:44:23;02:19:31;6915;0;28977;00:29:16;01:02:14;01:36:45;02:12:31
600891;171458;267;Göteborgsvarvet 2010;M;1980;SWE;VÄSTRA GÖTALAND;GÖTEBORG;FNS; 15:19:41;02:31:53;25044;0;34092;00:32:49;01:08:02;01:44:23;02:24:05
578243;242603;267;Göteborgsvarvet 2010;M;1985;SWE;VÄSTRA GÖTALAND;LERUM;FNS; 13:40:06;01:42:33;3204;0;3492;00:24:13;00:48:32;01:12:49;01:37:25
618821;58115;267;Göteborgsvarvet 2010;M;1970;SWE;VÄSTRA GÖTALAND;HÄRRYDA;FNS; 13:50:53;01:50:00;6499;0;7287;00:24:33;00:49:34;01:15:58;01:44:25
611515;59300;267;Göteborgsvarvet 2010;M;1965;SWE;VÄSTRA GÖTALAND;GÖTEBORG;FNS; 13:30:43;01:34:49;1236;0;1318;00:21:23;00:43:02;01:05:59;01:29:46
611227;197246;267;Göteborgsvarvet 2010;F;1946;SWE;VÄSTRA GÖTALAND;ALE;FNS; 15:07:26;02:54:48;10754;0;37638;00:37:25;01:16:26;01:59:51;02:46:03
570607;134438;267;Göteborgsvarvet 2010;M;1974;SWE;VÄSTRA GÖTALAND;MÖLNDAL;FNS; 14:37:35;02:11:35;18803;0;23832;00:27:34;00:59:54;01:32:15;02:05:26
594204;182964;267;Göteborgsvarvet 2010;M;1986;SWE;VÄSTRA GÖTALAND;BORÅS;FNS; 15:33:53;01:45:49;4547;0;4988;00:24:05;00:48:23;01:13:27;01:40:12
588479;255304;267;Göteborgsvarvet 2010;F;1978;GBR;NULL;NULL;FNS; 15:42:16;02:09:19;4468;0;22112;00:29:42;00:59:52;01:30:46;02:02:42
614416;70744;267;Göteborgsvarvet 2010;M;1967;SWE;VÄSTRA GÖTALAND;HÄRRYDA;FNS; 14:37:37;02:05:43;15801;0;19430;00:28:20;00:57:37;01:28:10;01:59:45
579959;252707;267;Göteborgsvarvet 2010;M;1974;SWE;JÖNKÖPING;JÖNKÖPING;FNS; 15:48:34;02:25:04;23624;0;31610;00:30:26;01:03:07;01:39:15;02:18:00
612174;74587;267;Göteborgsvarvet 2010;M;1975;SWE;VÄSTRA GÖTALAND;GÖTEBORG;FNS; 13:52:49;02:30:06;24721;0;33507;00:25:30;00:51:49;01:30:09;02:19:10
561119;77450;267;Göteborgsvarvet 2010;M;1961;SWE;VÄSTRA GÖTALAND;GÖTEBORG;FNS; 13:55:50;02:01:11;13279;0;15818;00:25:40;00:52:33;01:22:28;01:55:09
561726;246028;267;Göteborgsvarvet 2010;F;1801;DNK;NULL;NULL;FNS; 14:14:15;02:01:44;2662;0;16252;00:26:59;00:54:52;01:24:33;01:55:32
589340;233976;267;Göteborgsvarvet 2010;M;1960;DEU;NULL;NULL;FNS; 13:50:53;01:54:56;9230;0;10590;00:25:13;00:51:04;01:18:07;01:48:26
608673;233725;267;Göteborgsvarvet 2010;M;1978;SWE;SKÅNE;SJÖBO;FNS; 14:31:20;02:03:21;14467;0;17501;00:28:10;00:56:16;01:26:35;01:56:59
600151;195424;267;Göteborgsvarvet 2010;F;1958;SWE;HALLAND;HALMSTAD;FNS; 14:37:56;02:04:09;3230;0;18117;00:28:26;00:57:26;01:27:44;01:58:04
598404;258394;267;Göteborgsvarvet 2010;M;1969;BEL;NULL;NULL;FNS; 14:32:08;01:58:23;11490;0;13432;00:27:47;00:55:14;01:23:30;01:52:34
590291;83799;267;Göteborgsvarvet 2010;M;1985;SWE;VÄSTRA GÖTALAND;GÖTEBORG;FNS; 15:40:19;01:57:32;10903;0;12676;00:24:53;00:52:33;01:21:32;01:51:23
579926;252694;267;Göteborgsvarvet 2010;F;1952;SWE;VÄSTRA GÖTALAND;STENUNGSUND;FNS; 14:58:52;02:33:44;9278;0;34578;00:33:57;01:10:07;01:46:01;02:26:01
579678;130163;267;Göteborgsvarvet 2010;M;1966;SWE;STOCKHOLM;LIDINGÖ;FNS; 14:01:03;01:58:31;11566;0;13541;00:25:55;00:51:15;01:19:32;01:52:15
571920;53451;267;Göteborgsvarvet 2010;M;1977;SWE;VÄSTRA GÖTALAND;ALE;FNS; 13:39:21;01:30:53;661;0;704;00:20:54;00:41:39;01:03:30;01:25:58
568313;1263;267;Göteborgsvarvet 2010;F;1965;SWE;VÄSTRA GÖTALAND;GÖTEBORG;FNS; 14:25:37;03:33:31;11147;0;38441;00:49:50;01:39:42;02:30:13;03:22:34
585187;62717;267;Göteborgsvarvet 2010;M;1968;SWE;VÄSTRA GÖTALAND;BORÅS;FNS; 14:45:11;02:24:54;23572;0;31528;00:30:12;01:03:25;01:40:37;02:18:01
612503;64687;267;Göteborgsvarvet 2010;M;1966;SWE;SKÅNE;ÄNGELHOLM;FNS; 13:50:19;02:01:34;13505;0;16139;00:24:52;00:52:30;01:23:38;01:55:13
563582;247121;267;Göteborgsvarvet 2010;F;1801;SWE;NULL;NULL;FNS; 13:44:45;02:49:21;10551;0;37227;00:36:10;01:15:43;01:57:56;02:41:50
581686;253323;267;Göteborgsvarvet 2010;M;1965;SWE;ÖREBRO;DEGERFORS;FNS; 15:47:43;02:09:54;17967;0;22580;00:28:05;00:57:57;01:28:50;02:02:58
575754;194918;267;Göteborgsvarvet 2010;M;1976;SWE;VÄSTRA GÖTALAND;ÖCKERÖ;FNS; 15:55:20;02:06:16;16093;0;19845;00:30:15;00:59:33;01:29:40;02:00:30
560061;231269;267;Göteborgsvarvet 2010;F;1951;SWE;VÄSTRA GÖTALAND;GÖTEBORG;FNS; 14:17:27;02:59:57;10893;0;37921;00:39:49;01:23:12;02:07:24;02:51:32
619667;220630;267;Göteborgsvarvet 2010;M;1964;SWE;VÄSTRA GÖTALAND;FALKÖPING;FNS; 13:51:13;01:41:27;2889;0;3141;00:24:07;00:47:33;01:11:47;01:36:22
570581;220113;267;Göteborgsvarvet 2010;M;1982;SWE;ÖREBRO;ÖREBRO;FNS; 13:33:59;01:43:50;3666;0;3997;00:22:31;00:45:26;01:10:53;01:38:01
606421;73977;267;Göteborgsvarvet 2010;M;1959;SWE;VÄSTRA GÖTALAND;GÖTEBORG;FNS; 14:51:17;02:15:37;20604;0;26625;00:28:55;01:00:36;01:33:04;02:08:38
597276;232240;267;Göteborgsvarvet 2010;M;1986;SWE;VÄSTRA GÖTALAND;GÖTEBORG;FNS; 15:26:51;01:37:03;1731;0;1857;00:22:01;00:44:35;01:07:50;01:32:01
593144;54903;267;Göteborgsvarvet 2010;M;1968;SWE;VÄSTRA GÖTALAND;GÖTEBORG;FNS; 14:00:24;01:56:13;10041;0;11601;00:24:07;00:50:08;01:18:14;01:49:52
597020;89755;267;Göteborgsvarvet 2010;M;1970;SWE;VÄSTRA GÖTALAND;KUNGÄLV;FNS; 14:52:50;02:29:37;24621;0;33345;00:30:20;01:04:08;01:40:59;02:21:34
571273;249506;267;Göteborgsvarvet 2010;F;1991;SWE;HALLAND;KUNGSBACKA;FNS; 16:00:49;02:04:26;3287;0;18335;00:29:28;00:58:09;01:28:02;01:58:35
596401;157870;267;Göteborgsvarvet 2010;M;1965;SWE;ÖSTERGÖTLAND;LINKÖPING;FNS; 15:05:49;02:35:38;25561;0;35053;00:33:43;01:09:04;01:45:58;02:27:13
614754;102297;267;Göteborgsvarvet 2010;M;1977;SWE;KRONOBERG;VÄXJÖ;FNS; 13:40:22;01:45:57;4598;0;5046;00:23:08;00:46:16;01:10:53;01:39:54
585015;236187;267;Göteborgsvarvet 2010;F;1987;SWE;ÖSTERGÖTLAND;LINKÖPING;FNS; 13:44:28;02:07:41;4096;0;20927;00:25:13;00:53:32;01:25:22;02:01:03
567761;248433;267;Göteborgsvarvet 2010;M;1971;SWE;VÄSTRA GÖTALAND;PARTILLE;FNS; 14:05:17;01:52:35;7857;0;8910;00:24:53;00:51:05;01:18:50;01:47:11
575571;251065;267;Göteborgsvarvet 2010;F;1976;SWE;SKÅNE;MALMÖ;FNS; 14:39:25;02:12:41;5316;0;24613;00:30:25;01:02:12;01:34:26;02:06:39
602276;67008;267;Göteborgsvarvet 2010;M;1963;SWE;ÖREBRO;ASKERSUND;FNS; 15:20:24;02:00:21;12761;0;15119;00:27:11;00:54:37;01:23:23;01:53:51
575264;232186;267;Göteborgsvarvet 2010;M;1967;SWE;VÄSTERBOTTEN;SKELLEFTEÅ;FNS; 15:55:29;02:44:11;26385;0;36635;00:35:40;01:13:41;01:51:37;02:34:07
584383;254128;267;Göteborgsvarvet 2010;M;1964;SWE;GÄVLEBORG;LJUSDAL;FNS; 14:51:32;02:17:18;21256;0;27674;00:29:32;01:01:06;01:34:19;02:09:58
582108;209238;267;Göteborgsvarvet 2010;M;1968;SWE;VÄSTRA GÖTALAND;SKÖVDE;FNS; 14:25:08;01:59:54;12513;0;14776;00:27:23;00:55:22;01:24:17;01:53:56
575915;56987;267;Göteborgsvarvet 2010;M;1985;SWE;STOCKHOLM;STOCKHOLM;FNS; 13:34:12;01:26:40;316;0;336;00:21:36;00:41:38;01:01:55;01:22:31
612000;53563;267;Göteborgsvarvet 2010;M;1965;SWE;VÄSTRA GÖTALAND;KUNGÄLV;FNS; 14:02:29;02:11:48;18890;0;23985;00:25:53;00:54:05;01:25:11;02:05:48
587970;236111;267;Göteborgsvarvet 2010;M;1993;SWE;ÖSTERGÖTLAND;NORRKÖPING;FNS; 15:40:15;01:38:49;2121;0;2287;00:22:55;00:46:35;01:10:38;NULL
562059;246265;267;Göteborgsvarvet 2010;M;1979;SWE;STOCKHOLM;STOCKHOLM;FNS; 13:57:16;02:03:59;14815;0;18002;00:27:09;00:54:39;01:24:24;01:57:12
607156;241726;267;Göteborgsvarvet 2010;F;1968;SWE;VÄSTRA GÖTALAND;KUNGÄLV;FNS; 15:12:56;02:26:17;8187;0;32099;00:32:15;01:07:26;01:42:36;02:19:01
577217;251743;267;Göteborgsvarvet 2010;F;1974;NOR;NULL;NULL;FNS; 13:51:12;01:36:56;122;0;1829;00:22:45;00:44:45;01:07:37;01:31:59
581441;88230;267;Göteborgsvarvet 2010;M;1979;SWE;VÄSTRA GÖTALAND;GÖTEBORG;FNS; 14:13:55;02:04:20;14998;0;18267;00:26:54;00:55:10;01:25:38;01:57:35
576119;251285;267;Göteborgsvarvet 2010;F;1969;DEU;NULL;NULL;FNS; 15:54:25;02:18:56;6787;0;28645;00:30:47;01:03:12;01:36:31;02:11:49
561341;210892;267;Göteborgsvarvet 2010;M;1980;SWE;VÄSTRA GÖTALAND;LERUM;FNS; 14:14:21;02:18:26;21684;0;28348;00:30:19;01:01:10;01:35:21;02:11:40
605018;216802;267;Göteborgsvarvet 2010;F;1947;SWE;HALLAND;KUNGSBACKA;FNS; 15:19:44;02:51:09;10625;0;37380;00:36:49;01:16:14;01:57:08;02:42:07
607442;93452;267;Göteborgsvarvet 2010;F;1961;SWE;VÄSTRA GÖTALAND;SKÖVDE;FNS; 15:13:29;02:16:34;6254;0;27229;00:32:15;01:03:31;01:35:45;02:10:00
573556;52255;267;Göteborgsvarvet 2010;F;1981;SWE;SKÅNE;MALMÖ;FNS; 14:52:28;02:18:23;6655;0;28325;00:27:57;00:57:10;01:30:52;02:11:37
599330;164764;267;Göteborgsvarvet 2010;M;1993;SWE;VÄSTRA GÖTALAND;TRANEMO;FNS; 15:27:26;01:40:27;2603;0;2814;00:23:33;00:45:44;01:10:01;01:35:24
594392;241977;267;Göteborgsvarvet 2010;M;1970;SWE;HALLAND;VARBERG;FNS; 15:33:51;02:47:21;26582;0;37041;00:33:38;01:10:40;01:50:51;02:37:06
569819;417;267;Göteborgsvarvet 2010;M;1967;SWE;BLEKINGE;KARLSKRONA;FNS; 14:25:03;02:06:25;16167;0;19955;00:28:11;00:57:13;01:27:45;01:59:56
561396;245745;267;Göteborgsvarvet 2010;M;1801;DNK;NULL;NULL;FNS; 14:45:43;02:00:55;13116;0;15603;00:25:20;00:51:16;01:24:27;01:55:10
562977;204086;267;Göteborgsvarvet 2010;M;1974;SWE;VÄSTRA GÖTALAND;ALINGSÅS;FNS; 13:55:43;01:35:13;1313;0;1400;00:22:01;00:45:10;01:07:19;01:30:41
575276;238416;267;Göteborgsvarvet 2010;F;1980;SWE;GÄVLEBORG;SANDVIKEN;FNS; 15:54:45;02:03:28;3052;0;17574;00:29:04;00:58:00;01:27:35;01:57:17
593863;149932;267;Göteborgsvarvet 2010;M;1953;SWE;SKÅNE;LUND;FNS; 14:41:13;02:09:25;17702;0;22200;00:28:33;00:57:45;01:28:17;02:02:20
591487;162196;267;Göteborgsvarvet 2010;M;1977;SWE;SKÅNE;LUND;FNS; 13:51:46;01:49:23;6178;0;6899;00:24:52;00:49:35;01:15:52;01:44:28
